id,fund_id,object_id,name,funded_at,raised_amount,raised_currency_code
1,1,f:371,Second Fund,16/12/2008,300000000,USD
4,4,f:17,Sequoia Israel Fourth Fund,17/12/2008,200750000,USD
5,5,f:951,Tenth fund,11/08/2008,650000000,USD
6,6,f:192,New funds acquire,,625000000,USD
7,7,f:519,Third fund,20/05/2008,200000000,USD
8,8,f:1811,Inventus Capital Partners Fund I LP,30/11/2007,51750000,USD
9,9,f:849,Unattributed,16/04/2008,512000000,USD
10,10,f:1829,Sequoia Capital Investment,23/09/2007,5000000,USD
11,11,f:1846,Roll Up Strategy,09/07/2007,100000000,USD
12,12,f:1846,Roll Up Strategy,01/05/2007,250000000,USD
13,13,f:1857,Venture capital Funds,04/10/2007,250000000,USD
14,14,f:105,Balderton Capital IV,12/01/2009,430000000,USD
15,15,f:1363,Pentech Fund I,12/07/2001,22500000,GBP
16,16,f:1363,Pentech Fund II,19/07/2008,45300000,GBP
17,17,f:1868,Cisco-Pentagon-Intelsat communications,01/04/2007,200000000,USD
18,18,f:745,"Foundry Venture Capital 2007, L.P.",20/09/2007,225000000,USD
19,19,f:166,venture fund,20/09/2007,365000000,USD
20,20,f:1882,Exchange Traded Funds,19/09/2007,10000000,USD
21,21,f:1914,Second Fund,21/05/2008,100000000,USD
22,22,f:1924,Fund 1,11/07/2008,250000000,USD
23,23,f:101,Fund 4,30/08/2010,250000000,USD
24,24,f:318,Fund 8,04/02/2008,303000000,USD
25,25,f:17,Sequoia India III,17/08/2007,300000000,USD
26,26,f:123,"2007 ""Consumer"" Fund",09/07/2007,300000000,USD
27,27,f:137,Battery Fund,06/07/2007,750000000,USD
28,28,f:1473,SVB July 2007 Fund,06/07/2007,255000000,USD
29,29,f:568,DFJ Frontier Fund II,18/04/2009,55000000,USD
30,30,f:34,Spark Media Fund II,18/07/2007,360000000,USD
31,31,f:484,IVP Fund -- May 2007,18/05/2007,600000000,USD
32,32,f:338,Artiman Ventures Fund II,21/05/2007,185000000,USD
33,33,f:245,Carmel Ventures III,05/02/2008,235000000,USD
34,34,f:174,second fund,01/01/2007,200000000,USD
36,36,f:191,Venrock V,25/04/2007,600000000,USD
37,37,f:26,Tenth Fund,01/07/2010,350000000,USD
38,38,f:111,Fund VIII,29/01/2009,283000000,USD
39,39,f:521,India Investment,17/07/2007,189000000,USD
40,40,f:13,Redpoint Omega,13/03/2007,250000000,USD
41,41,f:1989,Jan-09,02/02/2009,865000000,USD
42,42,f:1945,"Genesis Campus Fund I, L.P.",01/02/2001,48000000,USD
43,43,f:892,GGV Capital I,01/01/2000,0,USD
44,44,f:892,GGV Capital II,01/01/2004,0,USD
45,45,f:892,GGV Capital III,01/01/2006,0,USD
46,46,f:2153,MILCOM Technologies,,0,USD
47,47,f:2153,OnPointTechnologies,,0,USD
48,48,f:426,Epic Venture Fund IV,09/03/2009,35750000,USD
49,49,f:18,Fund IV Early Stage Tech,02/03/2009,350000000,EUR
50,50,f:7,Charles River Partnership XIV,30/03/2009,320000000,USD
51,51,f:7,Charles River Partnership XIII,01/04/2007,285000000,USD
52,52,f:2196,Fund II,30/03/2009,140000000,USD
53,53,f:61,India Fund,09/12/2008,110000000,USD
54,54,f:1142,Target Partners Fund I,01/01/2000,112000000,EUR
55,55,f:1142,Target Partners Fund II,01/01/2008,113000000,EUR
56,56,f:1749,Eighth Fund,08/04/2009,0,USD
57,57,f:2472,$550M HealthCare Fund,05/03/2007,550000000,USD
58,58,f:2535,Silver Lake Sumeru,30/08/2007,726000000,USD
60,60,f:2263,Cleantech Fund,23/05/2008,191500000,USD
61,61,f:1866,Cleantech Fund,05/05/2008,75000000,USD
62,62,f:367,Intel Capital India Technology Fund,01/12/2005,250000000,USD
63,63,f:2604,Debut Medical Device Fund,09/01/2008,143000000,USD
64,64,f:2141,Life Sciences Fund,10/10/2007,450000000,USD
65,65,f:2867,Flexpoint Ford Fund II,03/11/2008,778437500,USD
66,66,f:2867,FLEXPOINT FORD OVERAGE FUND II,03/11/2008,467062500,USD
67,67,f:512,Titan 1 & 2,06/05/2008,33000000,GBP
68,68,f:512,Titan 3,01/05/2009,20000000,GBP
69,69,f:102,Third Fund,11/04/2007,82000000,USD
70,70,f:2820,Third Fund,10/11/2008,2800000000,USD
71,71,f:512,Eureka,01/01/2009,15000000,GBP
72,72,f:286,Matrix IX,24/07/2009,600000000,USD
73,73,f:102,Early-Stage Fund (4th),30/07/2009,80000000,USD
74,74,f:102,First Fund,01/01/2002,15000000,USD
75,75,f:102,Second Fund,01/01/2005,30000000,USD
76,76,f:2739,First Fund,04/08/2009,200000000,USD
77,77,f:1902,Fund I,11/09/2009,127500000,USD
78,78,f:2186,Capital Factory I,01/02/2009,100000,USD
79,79,f:3586,"Biotech, medical-device and drug-development startups",03/03/2008,95000000,USD
80,80,f:130,Cleantech Infrastructure Fund,22/06/2007,300000000,USD
81,81,f:2253,Versant Ventures IV,01/08/2008,500000000,USD
82,82,f:1793,energy fund,28/08/2007,75000000,USD
83,83,f:2255,CalPERS,10/09/2007,700000000,USD
84,84,f:2261,BioAsia Investments,09/05/2007,275000000,USD
85,85,f:3689,NEAS Power fund,01/10/2009,0,USD
86,86,f:3362,Ambienta I,09/10/2009,317000000,USD
87,87,f:18,Index Ventures Growth I,22/01/2008,400000000,EUR
88,88,f:733,New Atlantic Venture Fund III,16/04/2009,115000000,USD
89,89,f:733,Draper Atlantic Fund I,01/01/1999,72000000,USD
90,90,f:733,Draper Atlantic Fund II,01/01/2000,70000000,USD
91,91,f:733,DFJ New England Fund I,01/01/2001,45000000,USD
92,92,f:18,Index Ventures IV,14/06/2011,350000000,EUR
93,93,f:18,Index Ventures III,28/02/2005,300000000,EUR
94,94,f:3522,Clean energy fund,01/01/2009,18000000,USD
95,95,f:806,NYC funds seed biotech projects,01/01/2009,5000000,USD
96,96,f:2041,University Opportunity Fund,01/01/2003,18200000,USD
97,97,f:4,Accel Fund,01/12/2008,10000000000,USD
98,98,f:2077,IPO,01/10/2009,2300000,USD
99,99,f:1,Greylock Fund XIV,10/09/2013,1000000000,USD
100,100,f:260,TA XI,12/08/2009,4000000000,USD
101,101,f:3765,"Emerald Stage2 Ventures, LP",05/03/2008,15000000,USD
102,102,f:3692,PVEF,01/01/2005,50000000,USD
104,104,f:62,Ignition Growth Capital Fund,01/10/2007,275000000,USD
105,105,f:62,Ignition Ventures IV,01/10/2007,400000000,USD
106,106,f:89,"Madrona Venture Fund IV, L.P.",11/06/2008,250000000,USD
107,107,f:97,Maveron IV,01/04/2008,240000000,USD
108,108,f:1676,I-China,09/07/2008,300000000,USD
109,109,f:3809,Founder Collective I,09/11/2009,40000000,USD
110,110,f:3810,Seed Fund,07/04/2011,40000000,USD
111,111,f:3824,Solamere Founders Fund I,02/06/2009,186000000,USD
112,112,f:123,Highland Capital Partners VIII Limited Partnership,12/11/2009,400000000,USD
113,113,f:3839,TBD,12/11/2009,100000000,USD
114,114,f:2793,Venture Fund I,,90000000,USD
115,115,f:86,Norwest Venture Partners XI,18/11/2009,1200000000,USD
116,116,f:3869,Cleantech Fund,16/11/2009,4250000,USD
117,117,f:3506,Innogest Capital,01/05/2006,80000000,EUR
118,118,f:3159,NEVEQ LP,,0,USD
119,119,f:79,Winch Capital 2,25/11/2009,376575000,USD
120,120,f:3954,Debut Venture fund,02/12/2009,151000000,USD
121,121,f:116,MDV VIII,31/01/2005,384500000,USD
122,122,f:116,MDV VIII,22/05/2009,25537791,USD
123,123,f:116,MDV VIII,03/12/2010,2374908,USD
124,124,f:116,MDV VII,07/08/2009,27063875,USD
125,125,f:116,MDV VII,03/12/2009,256336,USD
126,126,f:116,MDV IX,24/08/2007,580000000,USD
127,127,f:116,MDV IX,22/05/2009,45328890,USD
128,128,f:116,MDV IX,03/12/2009,26760466,USD
129,129,f:1407,Conor Technology Fund I Ky,01/01/2006,30000000,USD
130,130,f:2140,5AM Ventures III,11/12/2009,197835000,USD
131,131,f:2140,5AM Ventures II,01/01/2006,150000000,USD
132,132,f:2140,5AM Ventures I,01/01/2002,65000000,USD
133,133,f:2787,Debut Venture fund,04/12/2009,1000000000,USD
134,134,f:1801,QuestMark Partners I,,222000000,USD
135,135,f:1801,QuestMark Partners II,,233000000,USD
136,136,f:1801,QuestMark Partners III,01/06/2007,300000000,USD
138,138,f:3259,Growth capital fund,11/12/2009,73600000,USD
139,139,f:1569,Lowercase Angel Fund,18/06/2010,8500000,USD
140,140,f:905,"RPM Ventures II, L.P.",11/12/2009,60000000,USD
141,141,f:604,Berkeley Energy's Renewable Energy Asia Fund,11/12/2009,10000000,EUR
142,142,f:2140,5AM Co-Investors III,17/12/2009,2115000,USD
144,144,f:4066,Second Life Sciences Fund Of Funds,17/12/2009,58000000,USD
145,145,f:4063,Early Stage Venture Fund,16/05/2011,17500000,USD
146,146,f:4075,Mezzanine Fund II,12/12/2009,140000000,USD
147,147,f:2581,Early Advantage fund,14/12/2009,8000000,GBP
148,148,f:1257,MSU I,21/12/2009,5000000,CAD
149,149,f:1284,Demeter 2,21/12/2009,292000000,USD
150,150,f:4120,Second China Fund,23/12/2009,146400000,USD
151,151,f:17,China Fund,21/12/2009,1000000000,USD
154,154,f:4141,Pacific Lake Partners Fund One,24/12/2009,24775000,USD
156,156,f:501,Venture Fund,24/12/2009,830000000,USD
157,157,f:4160,Riverside Fund IV Offshore LP,05/01/2010,406000000,USD
158,158,f:51,Cardinal Venture Partners II,30/12/2009,24962074,USD
159,159,f:4172,Nazca III,04/01/2010,150000000,EUR
160,160,f:2174,Ohio TechAngel Fund III,05/01/2010,2450000,USD
161,161,f:3231,New River Management VI,05/01/2010,100000000,USD
162,162,f:477,Flywheel II,06/01/2010,35000000,USD
164,164,f:2250,Fourth health care venture fund,05/01/2010,312000000,USD
165,165,f:2640,River Fund VI,06/01/2010,100000000,USD
166,166,f:316,Thirteenth Fund,06/01/2010,2500000000,USD
170,170,f:4214,First Restructuring Fund,11/01/2010,200000000,EUR
171,171,f:3897,BioMedInvest II L.P.,12/01/2010,104000000,USD
172,172,f:3709,Year 2009,01/12/2009,400000,EUR
173,173,f:4240,uardian Capital Partners Fund I,14/01/2010,50000000,USD
174,174,f:2278,French fund I,14/01/2010,100000000,EUR
175,175,f:4251,Aster II,15/01/2010,105000000,EUR
176,176,f:3780,Polish-American Enterprise Fund,01/01/1990,240000000,USD
177,177,f:3780,Enterprise Venture Fund I (EVF),01/01/2008,100000000,EUR
178,178,f:4267,Finatem III,18/01/2010,120000000,EUR
179,179,f:73,Fund VII,19/01/2010,400000000,USD
180,180,f:2064,Fund III,19/01/2010,100000000,USD
181,181,f:564,Clean Tech Fund,19/01/2010,265000000,USD
182,182,f:4281,Prudential Capital Partners III,20/01/2010,965000000,USD
183,183,f:4282,Clearlake Capital Partners II,20/01/2010,410000000,USD
184,184,f:4286,Financial Services Fund,20/01/2010,85700000,USD
185,185,f:122,Alsop Louie Capital 2,11/10/2010,98600000,USD
186,186,f:66,Khosla Ventures III,08/09/2009,770832226,USD
187,187,f:66,Khosla Ventures III,21/01/2010,229167774,USD
188,188,f:66,Khosla Ventures Seed,22/01/2010,36737655,USD
189,189,f:66,Khosla Ventures Seed,08/09/2009,263262345,USD
190,190,f:641,Sofinnova Capital VI,26/01/2010,260000000,EUR
192,192,f:4322,Environmental Fund,27/01/2010,202000000,USD
193,193,f:952,Ventech I,01/01/1999,62,EUR
194,194,f:952,Ventech Capital II,01/01/2000,112000000,EUR
195,195,f:952,Ventech Capital III,01/01/2007,151000000,EUR
196,196,f:952,Ventech China,01/01/2008,50000000,USD
197,197,f:4341,Axiom Asia Private Capital Fund II,28/01/2010,950000000,USD
198,198,f:4351,SiVest Venture Partners,28/01/2010,500000,USD
199,199,f:4356,IA Venture Strategies Fund I,01/12/2010,50000000,USD
200,200,f:518,Fund IV,09/05/2013,300000000,USD
201,201,f:426,Epic Venture Fund IV,03/02/2010,14300000,USD
202,202,f:13,Fund IV,08/02/2010,400100000,USD
203,203,f:4452,Longwood Founders Fund,27/12/2010,85000000,USD
204,204,f:696,Northzone VI,16/02/2010,130000000,EUR
205,205,f:2472,MPM BioVentures V,15/02/2010,140000000,USD
206,206,f:262,DAG Ventures IV-QP,22/02/2010,451825000,USD
207,207,f:262,DAG Ventures IV,22/02/2010,47750000,USD
208,208,f:375,Greycroft Partners II,01/04/2010,130650000,USD
209,209,f:2954,Fjord Capital Partners I,18/02/2010,11825000,USD
210,210,f:2140,5AM Co-Investors III,25/02/2010,3370000,USD
211,211,f:542,OpenView Fund I,29/09/2006,100000000,USD
212,212,f:542,OpenView Fund II,13/01/2009,140000000,USD
213,213,f:3181,Angel Fund,26/02/2010,20000000,USD
214,214,f:4453,Harbor Pacific Capital Partners I,01/03/2010,32800000,USD
215,215,f:512,Capital For Enterprise,01/04/2009,30000000,GBP
219,219,f:2975,ARPA-E 3rd round,02/03/2010,100000000,USD
220,220,f:2283,Gravity Ventures I,11/12/2008,0,USD
221,221,f:2283,Gravity Ventures II,,0,USD
222,222,f:2283,Gravity Ventures Arkansas,,0,USD
223,223,f:137,Battery Ventures IX,02/03/2010,709600000,USD
224,224,f:1570,DaneVest Tech Fund I,02/03/2010,0,USD
225,225,f:2614,Prvi sklad,01/01/2008,20000000,EUR
226,226,f:569,DFJ Gotham Venture Fund II,30/07/2007,16400000,USD
227,227,f:569,DFJ Gotham Venture Fund II,04/03/2010,18650000,USD
228,228,f:4642,Moai Capital,16/01/2010,5000000,EUR
229,229,f:2357,Seed fund,09/03/2010,6000000,EUR
230,230,f:4669,Fund I,,200000000,EUR
231,231,f:2825,Column Group II,10/03/2010,65500000,USD
233,233,f:1199,mmgcppirviz,09/06/2005,3,USD
234,234,f:4736,Lightbank,15/03/2010,200000000,USD
235,235,f:3128,Seed,01/03/2010,0,USD
236,236,f:3819,InCube Ventures II,08/03/2011,38600000,USD
237,237,f:4691,Fund I,01/02/2010,8000000,USD
238,238,f:32,Venture Fund II,21/03/2010,165000000,USD
239,239,f:1144,VC Fonds Kreativwirtschaft Berlin,01/01/2008,30000000,EUR
240,240,f:1144,VC Fonds Technologie Berlin,01/01/2008,52000000,EUR
241,241,f:3953,Bullet Time Ventures,24/03/2010,1850000,USD
242,242,f:3953,Bullet Time Ventures,01/06/2009,75000,USD
243,243,f:3953,Bullet Time Ventures,21/05/2009,2295000,USD
244,244,f:4915,BMV-I,16/03/2010,0,USD
246,246,f:4919,Allos I LP,31/03/2010,15470000,USD
247,247,f:552,Altos Ventures I L.P.,,0,USD
248,248,f:552,Altos Ventures II L.P.,,0,USD
249,249,f:552,Altos Ventures III L.P.,,0,USD
250,250,f:552,Altos Ventures IV L.P.,,0,USD
251,251,f:3987,Stonebridge Early-stage Venture Fund,01/09/2009,10000000,USD
252,252,f:3987,Stonebridge Digital Contents Fund,01/01/2008,30000000,USD
253,253,f:3987,Stonebridge Cinema Fund,01/09/2005,30000000,USD
254,254,f:3987,HCS Private Equity Fund,01/02/2005,50000000,USD
255,255,f:512,Titan 4,12/04/2010,22500000,GBP
256,256,f:17,Sequoia Capital US Venture 2010 Fund,12/04/2010,0,USD
257,257,f:322,Second Fund,13/04/2010,160500000,USD
258,258,f:512,Eclipse 1,31/12/2004,30000000,GBP
259,259,f:512,Eclipse 2,01/04/2005,20000000,GBP
260,260,f:512,Eclipse 3&4,01/03/2006,60000000,GBP
261,261,f:3009,Fund II,13/09/2010,426000000,USD
262,262,f:146,Venture Fund,13/04/2010,100000000,USD
263,263,f:375,Greycroft Partners I,01/01/2006,75000000,USD
265,265,f:5233,ff Blue Private Equity Fund,01/11/2008,6300000,USD
266,266,f:5283,Military Technology Company,01/01/2010,1100000,USD
267,267,f:5283,Applicure Technologies LTD,01/10/2009,2000000,USD
268,268,f:5283,Ticket2Final LTD,01/09/2008,1200000,USD
269,269,f:5283,Infima Technologies LTD,01/08/2008,800000,USD
270,270,f:1407,Conor Technology Fund II Ky,05/05/2010,60000000,USD
271,271,f:6,Founders Fund I,01/01/2005,50000000,USD
272,272,f:2854,Heureka Growth Fund,10/05/2010,150000000,EUR
273,273,f:624,SEP III,01/09/2006,160000000,GBP
275,275,f:5412,Fidelity Growth Partners Europe,24/03/2012,100000000,GBP
276,276,f:5401,2010 Jumpstart Fund,01/01/2010,120000,USD
277,277,f:453,eonCapital Venture Fund I,,0,USD
278,278,f:453,eonCapital Venture Fund II,,0,USD
279,279,f:3881,Technology Operators Fund 1,10/10/2008,30000000,USD
280,280,f:3551,Javelin Venture Partners LP,02/06/2010,75000000,USD
281,281,f:3664,Fund I,01/05/2010,136000000,CAD
282,282,f:3139,IBIS Media VCT 1,,0,USD
283,283,f:903,DFJ Mercury Fund II,25/06/2010,70000000,USD
284,284,f:2257,Life Sciences Fund V,30/06/2010,523000000,USD
285,285,f:2,Grant,01/07/2010,2300000,USD
286,286,f:3139,IBIS Global Media Fund,,0,USD
287,287,f:191,Healthcare Growth Fund,01/03/2009,194000000,USD
288,288,f:342,"Finam Technology Fund, I",01/03/2006,0,USD
289,289,f:2535,Silver Lake Partners III,01/01/2007,9600000000,USD
290,290,f:1926,NV Partners IV LP,06/06/2006,275000000,USD
291,291,f:864,Naiot Venture Accelerator,,0,USD
293,293,f:5811,ENIAC I,01/10/2010,1600000,USD
295,295,f:446,Fund II,16/08/2010,41000000,USD
296,296,f:1913,Health-Care Fund IV,18/08/2010,180000000,USD
297,297,f:5933,Sydney Angels Sidecar Fund,,0,USD
298,298,f:484,later-stage venture capital and growth equity fund,31/08/2010,750000000,USD
299,299,f:3954,Inaugural Fund,01/09/2010,250000000,USD
300,300,f:2137,Life sciences investment fund,07/09/2010,313000000,USD
301,301,f:1333,OVP VII,01/05/2006,250000000,USD
302,302,f:4919,Debut Fund,03/09/2010,25000000,USD
303,303,f:6133,NeurogesX 2010,11/09/2010,1000000,USD
304,304,f:1846,Bertram Growth Capital II,16/09/2010,500000000,USD
305,305,f:2350,Fourth Fund,23/09/2010,59200000,USD
306,306,f:2930,CapMan Mezzanine V,22/09/2010,60000000,EUR
307,307,f:6233,Premier Fund,22/09/2010,11000000,USD
308,308,f:6287,Hedge Fund I,04/10/2010,31000000,USD
309,309,f:609,Evergreen Fund,,200000000,USD
310,310,f:4336,CMF II,01/10/2010,25000000,USD
311,311,f:113,Venture Fund VI,29/09/2010,200000000,USD
312,312,f:6321,Fund III,07/10/2010,200000000,USD
313,313,f:745,"Foundry Venture Capital 2010, L.P.",05/10/2010,225000000,USD
314,314,f:680,UCITS III,11/10/2010,250000000,USD
315,315,f:1606,Accelerator Fund,,10000000,GBP
316,316,f:1606,South East Seed Fund,,7000000,GBP
317,317,f:1606,Commercialisation Fund,,0,GBP
318,318,f:1606,Collaboration Fund,,2000000,USD
319,319,f:1606,South East Sustainability Loan Fund,,2000000,USD
320,320,f:1606,Regional Growth Loan Scheme,,0,USD
321,321,f:1606,Business Angel Co-investment Loan Facility,,1250000,GBP
322,322,f:2369,hedge fund,20/09/2010,100000000,USD
323,323,f:130,Tianjin VantagePoint Hi-tech China FIVCE Fund,15/09/2010,100000000,USD
324,324,f:6390,Emerging India Fund,24/09/2010,50000000,USD
325,325,f:34,Spark Capital Fund III,14/10/2010,360000000,USD
326,326,f:29,Fund III,15/10/2010,126000000,USD
327,327,f:6404,quantitative fund,08/10/2010,300000000,USD
329,329,f:134,Fund Eleven,22/10/2010,400000000,USD
330,330,f:5949,Second Midwest Venture Fund,22/10/2010,30000000,USD
331,331,f:6433,Brynwood Partners VI,04/10/2010,305000000,USD
332,332,f:6126,Real Ventures,27/10/2010,45000000,USD
333,333,f:6500,Credostage 1,31/10/2011,22700000,USD
334,334,f:3987,KIF - Stonebridge IT Investment Fund,01/09/2010,30000000,USD
335,335,f:3987,Westend Private Equity Fund,01/08/2008,27000000,USD
336,336,f:3987,Stonebridge Performance & Art Fund,01/07/2007,10000000,USD
337,337,f:64,Flybridge Capital Partners III,17/03/2008,280000000,USD
338,338,f:64,Flybridge Capital Partners III,01/01/2005,180000000,USD
339,339,f:64,Flybridge Capital Partners III,01/01/2001,100000000,USD
340,340,f:3127,Fund II,03/11/2010,650000000,USD
341,341,f:2695,"USRG Power & Biofeuls Fund II, LP",05/11/2010,475000000,USD
342,342,f:6180,CapStreet III,09/11/2010,178000000,USD
343,343,f:3912,Cingkirit,10/11/2010,25,JPY
344,344,f:6619,Roca Junyent Family Office and Cabiedes & Partners invested in paraBebes.com - Grupo Intercom,16/09/2010,200,EUR
345,345,f:1656,Atlantic Bridge II,16/11/2010,85000000,EUR
346,346,f:6602,Parkwalk UK Technology EIS Fund I,01/06/2010,0,USD
349,349,f:6602,Parkwalk UK Technology EIS Fund II,01/12/2010,0,USD
350,350,f:6602,Parkwalk UK Technology EIS Fund III,01/04/2012,0,USD
351,351,f:41,Fund XIV,12/11/1975,650000000,USD
352,352,f:974,NESTA Investments,,50000000,GBP
353,353,f:762,Pre-seed Fund,24/09/2010,4000000,USD
354,354,f:346,Life sciences fund I,24/11/2010,120000000,USD
356,356,f:1127,Fund II,24/11/2010,40000000,USD
357,357,f:3521,Venture Fund II,30/11/2010,134000000,EUR
358,358,f:454,JMI Equity Fund VII,30/11/2010,875000000,USD
359,359,f:6713,Razor's Edge Fund LP,26/09/2011,50000000,USD
360,360,f:6727,Fund V,07/12/2010,100000000,USD
361,361,f:31,OATV II LP,21/12/2010,59250000,USD
362,362,f:773,Gemini V,01/01/2008,150000000,USD
363,363,f:6801,Longwood Founders Fund,27/12/2010,85000000,USD
364,364,f:1687,Health-Care Fund IV,27/12/2010,37000000,USD
365,365,f:530,Vickers Venture Fund III,22/12/2010,65000000,USD
366,366,f:1357,Morningside China TMT Fund I,01/02/2008,150000000,USD
367,367,f:45,Latest Fund,15/09/2011,200000000,USD
370,370,f:3709,Year 2010,01/12/2010,400000,EUR
371,371,f:6815,Fourth fund of funds,30/12/2010,76500000,USD
374,374,f:2688,PLSG Accelerator Fund,07/01/2011,5000000,USD
375,375,f:6835,Monomoy Capital Partners II,07/01/2011,400000000,USD
376,376,f:737,SoftTech VC II,15/09/2007,15000000,USD
377,377,f:6842,Arctaris Income Fund,10/01/2011,19000000,USD
378,378,f:210,Holtzbrinck Ventures Fund IV,10/01/2011,177000000,EUR
379,379,f:730,New fund,24/12/2010,100000000,USD
380,380,f:663,Fund IX,11/01/2011,200000000,USD
381,381,f:6866,Alpine Heritage II fund,12/01/2011,29400000,USD
382,382,f:6867,Braeside Capital II fund,12/01/2011,74000000,USD
384,384,f:563,Mezzanine Fund,12/01/2011,956000000,USD
385,385,f:6880,PointState Fund,14/01/2011,1500000000,USD
386,386,f:2836,Capricorn Health-Tech Fund,06/01/2011,55200000,USD
387,387,f:4200,Fund I,17/01/2011,111500000,EUR
388,388,f:1104,Fund II,13/01/2011,90000000,USD
389,389,f:3551,Javelin Venture Fund II,15/02/2011,105000000,USD
390,390,f:2139,Fund VI,12/01/2011,66000000,USD
391,391,f:4144,Third Alcuin Fund LP,21/01/2011,81000000,GBP
392,392,f:4032,Fund VI,30/01/2012,1250000000,USD
393,393,f:3544,HorizonTI,01/11/2009,15000000,USD
394,394,f:6920,lower middle market buyout fund,26/01/2011,200000000,USD
396,396,f:6930,Fund I,27/01/2011,500000000,USD
397,397,f:6941,Mezzanine debt and equity funds IV,28/01/2011,260000000,USD
398,398,f:6944,DBAG Expansion Capital Fund,31/01/2011,0,USD
399,399,f:6947,EnCap Energy Capital Fund VIII,31/01/2011,3500000000,USD
400,400,f:6952,Zadig Memnon Fund,01/02/2011,4100000000,USD
401,401,f:1855,San Francisco Equity Partners III LP,02/02/2011,100000000,USD
402,402,f:6970,Faering Capital India Evolving Fund,01/02/2011,182400000,USD
403,403,f:5458,Baring Asia Private Equity Fund V,02/02/2011,2460000000,USD
404,404,f:2928,Investment fund III,10/02/2011,129000000,USD
405,405,f:2647,Fund III,08/09/2011,140000000,USD
408,408,f:6535,Founding fund,01/01/2007,175000000,USD
409,409,f:7075,Venture capital fund,25/02/2011,100000000,USD
410,410,f:497,Francisco Partners III,28/02/2011,2000000000,USD
411,411,f:2693,NISPO,,10000000,GBP
412,412,f:2693,East Midlands Early Growth Fund,,5000000,GBP
413,413,f:1656,Atlantic Bridge I,24/08/2004,98500000,EUR
414,414,f:7099,Sharia-compliant technology fund,04/03/2011,0,USD
415,415,f:592,GRP I,01/01/1996,200000000,USD
416,416,f:592,GRP II,02/04/2000,400000000,USD
417,417,f:592,GRP III,01/01/2008,200000000,USD
418,418,f:2186,Capital Factory II,01/02/2010,100000,USD
419,419,f:2186,Capital Factory III,01/02/2011,100000,USD
420,420,f:1,Greylock Fund XIII,01/03/2011,1000000000,USD
421,421,f:7135,Fund I,09/03/2011,225000000,USD
422,422,f:2760,Second Life Science Fund,13/09/2011,133900000,USD
423,423,f:3521,Via Venture Fund I,01/01/2006,134000000,EUR
424,424,f:1280,NLVF I,01/10/2005,122000000,USD
425,425,f:1280,NLVF II,01/11/2007,353000000,USD
426,426,f:1980,Finafund I,23/10/2000,0,USD
427,427,f:1980,Fina II (Finatech BDC),07/07/2007,80000000,USD
428,428,f:1890,I,01/01/1989,9000000,USD
429,429,f:1890,II,01/01/1993,31000000,USD
430,430,f:1890,III,01/01/1996,107000000,USD
431,431,f:1890,IV,01/01/1999,175000000,USD
432,432,f:1890,V,01/01/2000,380000000,USD
433,433,f:1890,VI,01/01/2003,350000000,USD
434,434,f:1890,VII,01/01/2007,400000000,USD
435,435,f:7216,Investment Fund I,28/03/2011,60000000,USD
437,437,f:1557,Venture Capital Fund II,01/04/2011,140000000,USD
438,438,f:42,Bessemer Venture Partners VIII,01/04/2011,1600000000,USD
439,439,f:4824,AlAdInn Ventures,01/01/2009,28500000,EUR
440,440,f:47,Insight Venture Partners VII,04/04/2011,1570000000,USD
441,441,f:47,Insight Venture Partners Coinvestment Fund II,04/04/2011,450000000,USD
442,442,f:7255,Education Fund I,04/04/2011,18400000,USD
443,443,f:7261,Entrepreneurship fund,06/04/2011,113200000,USD
444,444,f:6566,Debut Fund,04/04/2011,35000000,USD
445,445,f:3127,Growth fund,06/04/2011,200000000,USD
446,446,f:7270,CI Capital Investors II,08/04/2011,620000000,USD
447,447,f:2250,Biotech fund,06/04/2011,203000000,USD
448,448,f:2997,HealthCap VI LP,11/04/2011,0,USD
449,449,f:1551,Cleantech fund,12/04/2011,50000000,EUR
450,450,f:1281,Fund I,13/04/2011,450000000,USD
451,451,f:7286,Waud Capital Partners III,13/04/2011,463000000,USD
453,453,f:2970,Inveready Seed Capital,01/01/2009,0,USD
454,454,f:2970,Inveready First Capital,01/01/2010,0,EUR
455,455,f:7321,Intera Fund II,20/04/2011,200000000,EUR
456,456,f:3854,Fund I,31/08/2011,180000000,USD
457,457,f:5,Fund IV,28/04/2011,425000000,USD
458,458,f:286,Matrix Partners China II,29/04/2011,350000000,USD
459,459,f:286,Matrix Partners India II,29/04/2011,300000000,USD
461,461,f:3181,SV Angel III,05/05/2011,40000000,USD
462,462,f:6599,Partnerinvest Norr 1,01/09/2009,32000000,USD
463,463,f:6140,Angel Round,13/04/2011,600000,USD
464,464,f:1140,Tandem Fund II L.P.,12/05/2011,40000000,USD
466,466,f:66,Khosla Ventures IV,19/06/2011,1050000000,USD
467,467,f:7448,GCP III,20/05/2011,160000000,GBP
469,469,f:4691,Fund II,23/05/2011,25000000,USD
470,470,f:7466,Fund II,24/05/2011,125000000,USD
471,471,f:7469,Agility Fund lll,25/05/2011,0,USD
472,472,f:2878,Fund III,25/05/2011,45600000,EUR
474,474,f:1241,Fund I,31/05/2011,14100000,USD
475,475,f:7431,Launch Pad Ignition 2011,15/03/2011,130000,USD
476,476,f:239,Nauta Tech Invest III,01/06/2011,104850000,EUR
477,477,f:7506,The Mojo Investment Fund,,0,USD
478,478,f:7518,Peterson Partners Fund VI,06/06/2011,50000000,USD
479,479,f:3186,EIS RoundTable Syndicate Fund,08/06/2008,420000,GBP
480,480,f:2063,BlueCross BlueShield Venture Partners II,09/06/2011,176900000,USD
481,481,f:641,Sofinnova Capital V,07/02/2005,385000000,USD
482,482,f:641,Sofinnova Capital IV,26/04/2001,330000000,USD
483,483,f:6604,Yuuwa Capital LP IIF,07/11/2009,40000000,USD
484,484,f:4,Accel XI,16/06/2011,475000000,USD
485,485,f:4,Accel Growth Fund II,16/06/2011,875000000,USD
487,487,f:1430,Health-Care Fund V,17/06/2011,25000000,USD
488,488,f:1285,Cleantech Europe II,20/06/2011,230000000,EUR
489,489,f:7592,VMG Partners II,22/06/2011,375000000,USD
490,490,f:3724,CincyTech Fund II,22/06/2011,4400000,USD
491,491,f:262,DAG Ventures V-QP,24/06/2011,500000000,USD
492,492,f:1190,Harbert Venture Partners III,28/06/2011,56300000,USD
493,493,f:7632,Crossmedia Fund,01/01/2006,150000000,EUR
494,494,f:890,Fund VII,28/02/2012,249000000,USD
495,495,f:3258,China-focused investment fund IV,06/07/2011,350000000,USD
496,496,f:7025,H.I.G. Growth Equity Fund II,06/07/2011,500000000,USD
497,497,f:7687,Axxon Brazil Private Equity Fund II,10/07/2011,315000000,USD
498,498,f:7689,Committed Advisors Secondary Fund I,11/07/2011,257000000,EUR
499,499,f:1170,Fund VI,11/07/2011,405000000,USD
500,500,f:7696,Buyout and growth capital fund,12/07/2011,400000000,USD
501,501,f:1316,Fund III,05/04/2012,282200000,USD
502,502,f:173,Shasta Ventures III,21/09/2011,265000000,USD
503,503,f:7429,Aurus Tecnologi­a,01/03/2010,0,USD
504,504,f:7429,Aurus Tecnologi­a,01/03/2010,0,USD
505,505,f:7429,Aurus Bios,01/03/2010,0,USD
507,507,f:6337,Fund II,19/07/2011,0,USD
508,508,f:6927,Private Equity Fund VIII,21/07/2011,4500000000,USD
509,509,f:7429,Aurus Insignia,,0,USD
510,510,f:7429,Aurus Renta Inmobiliaria,,0,USD
511,511,f:2263,Growth Equity Fund,21/07/2011,400000000,USD
512,512,f:346,Advent Private Equity Fund IV,15/12/2005,128,GBP
513,513,f:6,Founders Fund II,01/01/2007,220000000,USD
515,515,f:6876,Fund III,25/07/2011,220000000,GBP
516,516,f:174,Emergence Capital Partners III,26/07/2011,200000000,USD
517,517,f:1170,Fund V,23/03/2009,26500000,USD
518,518,f:1330,Fund II,28/07/2011,300000000,USD
519,519,f:5928,Fund I,01/08/2011,30000000,USD
521,521,f:2534,Tencent,10/04/2010,300000000,USD
522,522,f:2534,Naspers,02/08/2011,388000000,USD
523,523,f:269,Fund V,03/08/2011,230000000,USD
524,524,f:5957,Fund 1,01/01/2009,10000000,USD
527,527,f:2304,Fund,09/08/2011,170000000,USD
528,528,f:5233,ff Green Venture Capital Fund,01/12/1999,0,USD
529,529,f:367,Ultrabook Fund,10/08/2011,300000000,USD
530,530,f:2271,Waterland Private Equity Fund V,12/08/2011,1100000000,USD
531,531,f:1914,Signal Peak Technology Ventures,12/08/2011,24200000,USD
532,532,f:2489,Hatteras Venture Partners IV,07/01/2013,125000000,USD
534,534,f:648,Covera Ventures Fund II,18/08/2011,125000000,USD
535,535,f:443,DCM Fund VI,21/07/2010,400000000,USD
536,536,f:5957,Fund II,22/08/2011,40000000,USD
537,537,f:7932,SK Capital Partners III,19/08/2011,500000000,USD
538,538,f:244,MentorTech Ventures III LP,23/08/2011,40000000,USD
539,539,f:4769,Fund I,25/08/2011,47000000,USD
540,540,f:7886,PALgenesis,15/09/2011,200000,USD
541,541,f:7977,Tennenbaum Opportunities Fund VI,30/08/2011,530000000,USD
543,543,f:2250,Health-Care royalties fund I,31/08/2011,600000000,USD
544,544,f:7999,CrunchFund I,01/09/2011,27000000,USD
545,545,f:379,WI Harper Fund VII,01/09/2011,110000000,USD
546,546,f:1006,Fund III,06/09/2011,51000000,EUR
547,547,f:1334,JVP Opportunity VI,07/09/2011,80000000,USD
548,548,f:5747,Promotora Venture Capital - Progresa,01/07/2009,22,USD
549,549,f:5747,Promotora Growth Capital - Escala,01/03/2009,45,USD
550,550,f:2737,Fund I,12/09/2011,27000000,USD
551,551,f:8061,FCP Fund II,13/09/2011,91000000,USD
552,552,f:134,Menlo Talent Fund,13/09/2011,20000000,USD
553,553,f:7255,Maiden Fund,14/09/2011,100000000,USD
554,554,f:3586,Health-Care Fund,14/09/2011,159300000,USD
555,555,f:624,SEP IV,05/01/2011,200000000,GBP
556,556,f:6204,Fund I,20/09/2011,209000000,EUR
557,557,f:2759,Avrio Ventures LLP II,22/09/2011,50000000,USD
558,558,f:7833,Debut Fund,26/09/2011,130000000,USD
560,560,f:8152,Fund I,29/09/2011,10000000,EUR
562,562,f:49,Fund IV,30/09/2011,96000000,USD
563,563,f:528,Fund II,01/05/2012,85000000,USD
564,564,f:3609,Greener Capital Partners II,05/10/2011,33000000,USD
565,565,f:5869,Siemer Ventures Fund 1,,8000000,USD
566,566,f:5869,Siemer Ventures Fund II,,30000000,USD
567,567,f:1280,Denominated Fund III,10/10/2011,400000000,USD
568,568,f:8136,CAP Ventures I,01/01/2007,16000000,USD
569,569,f:1480,"Millennium Technology Value Partners II, L.P.",,284000000,USD
570,570,f:1480,"Millennium Technology Value Partners I, L.P.",,130000000,USD
571,571,f:8221,Altus Capital Partners II,14/10/2011,200000000,USD
572,572,f:3259,Gilde Healthcare Services fund,14/10/2011,50000000,EUR
573,573,f:509,SVP Fund VIII,17/10/2011,440000000,USD
574,574,f:4100,Fund VI,18/10/2011,4750000000,USD
575,575,f:2643,"SAIL Venture Partners, LP",,0,USD
576,576,f:2643,"SAIL Venture Partners II, LP",,0,USD
577,577,f:7814,BB&T Capital Partners Mezzanine Fund II,18/10/2011,227000000,USD
578,578,f:1056,Private Capital Funds,19/10/2011,1000000000,USD
579,579,f:8263,Mountain Cleantech Fund II,20/10/2011,23000000,EUR
580,580,f:3366,maslinda binti abdul jamil,21/10/2011,1,USD
581,581,f:2130,Xange Capital 1,01/01/2003,65000000,EUR
582,582,f:2130,Poste Innovation 7,01/01/2004,15000000,EUR
583,583,f:2130,Poste Innovation 10,01/01/2005,16000000,EUR
584,584,f:3127,Fund III,31/01/2012,1500000000,USD
585,585,f:7430,"Romulus Capital I, L.P.",,0,USD
586,586,f:30,Mangrove I,01/01/2000,51,EUR
587,587,f:30,Mangrove II,01/01/2005,120,EUR
588,588,f:3130,Fund VII,31/10/2011,500000000,USD
589,589,f:4,Sidecar funds,31/10/2011,94000000,USD
590,590,f:2728,Early-stage Technology Fund 1,,0,USD
591,591,f:41,KPBC China Fund II,03/11/2011,250000000,USD
592,592,f:13,Redpoint Omega II,04/11/2011,400000000,USD
593,593,f:7505,"Social Capital Partnership, L.P.",02/08/2011,450000000,USD
594,594,f:18,Index Ventures Growth II,08/11/2011,500000000,EUR
595,595,f:3047,Power Fund III,09/11/2011,42000000,EUR
597,597,f:966,Amadeus & Angels Seed Fund,06/11/2006,20,GBP
598,598,f:2157,RCCF Fund I,31/12/1994,15000000,USD
599,599,f:1391,Start-Up Fund,13/11/2011,10000000,EUR
600,600,f:7156,Goldrock Israel Growth Fund I,01/03/2008,20,USD
601,601,f:1686,Performa Investimentos SC-1,,20000000,USD
602,602,f:1686,Performa Cleantech Fund,,100000000,USD
603,603,f:367,AppUpSM Fund,15/11/2011,100000000,USD
604,604,f:8375,PE Fund of Funds,15/11/2011,720000000,USD
605,605,f:4,Accel India Fund III,16/11/2011,155000000,USD
606,606,f:5154,Biomed Fund III,16/11/2011,22000000,USD
607,607,f:8384,Private equity fund,16/11/2011,420000000,USD
608,608,f:564,Social investment fund,16/11/2011,10000000,GBP
609,609,f:8385,Bencis Buyout Fund IV,16/11/2011,408000000,EUR
610,610,f:334,Innovacom,01/01/2003,120,EUR
611,611,f:334,Innovacom 6,01/01/2007,150,EUR
612,612,f:2157,RCCF Fund II,31/12/1998,120000000,USD
613,613,f:2157,RCCF Fund III,30/06/2002,137000000,USD
614,614,f:2157,RCCF Fund IV,31/03/2008,120000000,USD
615,615,f:8127,Espresso SR&ED Fund I,01/09/2010,6000000,CAD
616,616,f:3739,Mobile Internet 1 Limited Liability Fund,10/02/2000,6500000000,JPY
617,617,f:3739,MIC Asia Technology Limited Liability Fund,31/03/2006,4600000000,JPY
618,618,f:3739,MIC Innovation III Limited Liability Fund,26/07/2011,5200000000,JPY
619,619,f:8434,VPC Fund II,28/11/2011,480000000,USD
620,620,f:4505,EIS fund,29/11/2011,20000000,GBP
622,622,f:8421,212 Capital Partners,02/12/2011,30000000,USD
623,623,f:8446,Sixth Fund,01/12/2011,1300000000,USD
624,624,f:4692,Revolution Growth fund,01/12/2011,450000000,USD
625,625,f:6,Founders Fund III,01/01/2010,250000000,USD
626,626,f:8450,Perusa Partners Fund 2,02/12/2011,207000000,EUR
627,627,f:3942,Biomed Fund II,07/12/2011,40000000,EUR
629,629,f:8475,Excellere Fund II,08/12/2011,465000000,USD
630,630,f:802,IDGVV,01/01/2005,100000000,USD
631,631,f:2137,Second fund,08/12/2011,50000000,USD
632,632,f:3861,Growth Fund III,07/10/2013,125000000,GBP
634,634,f:8502,IIG Fund I,13/12/2011,2500000,USD
635,635,f:910,Fund III,14/12/2011,85000000,EUR
637,637,f:390,FirstMark II,15/12/2011,225000000,USD
638,638,f:309,Core Capital Partners III,13/12/2011,23900000,USD
639,639,f:567,iNovia Fund III,16/12/2011,110000000,USD
640,640,f:2219,Burrill Capital Fund IV,02/08/2012,505000000,USD
641,641,f:95,Partech International VI,09/10/2013,215000000,USD
642,642,f:851,Fund IV,20/12/2011,125000000,USD
643,643,f:4917,Fund II,20/12/2011,26500000,USD
644,644,f:4760,NewSchools Innovation Fund,06/08/2010,20000000,USD
645,645,f:2470,Fondo Axon I F.C.R. de régimen simplificado (nº 80 CNMV),01/01/2007,0,USD
646,646,f:2470,Fund Axon ICT I F.C.R. de régimen simplificado (nº 116 CNMV),01/01/2011,0,USD
647,647,f:2470,Fund India Opportunities I F.C.R. de régimen común (nº 129),01/01/2011,0,USD
648,648,f:452,Fund III,11/02/2013,100000000,USD
649,649,f:8128,"SLG TroopSwap Investors, LLC",,0,USD
650,650,f:8128,SLG AIP Holdings LLC,01/04/2011,0,USD
652,652,f:8128,North Area Lalo Investors LLC,01/10/2010,0,USD
653,653,f:6013,Fund II,03/01/2012,150000000,USD
654,654,f:507,Venture fund VI,15/12/2011,500000000,USD
655,655,f:2261,Vivo Ventures VII,03/01/2012,375000000,USD
656,656,f:5599,Sandbox Venture,01/01/2008,18800000,USD
657,657,f:8574,Cowen Healthcare Royalty Partners II,06/01/2012,1000000000,USD
658,658,f:215,Fund IX,09/01/2012,600000000,USD
659,659,f:1017,Fund II,06/01/2012,8000000,USD
660,660,f:1017,Fund I,01/01/2008,2500000,USD
661,661,f:624,The Environmental Energies Fund,10/01/2012,95000000,GBP
662,662,f:573,Flagship Ventures Fund IV,11/01/2012,270000000,USD
663,663,f:2735,ABT,01/08/1998,42500000,USD
664,664,f:2219,Burrill Brazil Fund I,13/01/2012,125000000,USD
665,665,f:4017,TrueBridge-Kauffman Fellows Endowment Fund II,13/01/2012,342000000,USD
666,666,f:7791,Fund I,01/01/2011,3000000,USD
667,667,f:6456,Fund I,13/01/2012,165000000,USD
668,668,f:177,Debt Fund,17/01/2012,275000000,EUR
669,669,f:3063,Food Fund,20/01/2012,4900000,USD
670,670,f:8593,Minerva Opportunity Fund,,0,USD
672,672,f:737,SoftTech VC III,26/01/2012,55000000,USD
673,673,f:636,Bain Capital Ventures Fund 2012,30/01/2012,600000000,USD
674,674,f:8707,TSCP III,03/02/2012,350000000,USD
675,675,f:4850,Fund III,02/08/2010,73500000,USD
676,676,f:4356,IA Venture Strategies Fund II,08/02/2012,105000000,USD
677,677,f:776,Fund III,09/02/2012,17400000,USD
678,678,f:1170,Special Opportunities Fund,01/01/2011,155000000,USD
679,679,f:1170,Fund IV,01/01/2006,105000000,USD
680,680,f:1033,Fund III,10/02/2012,219000000,USD
681,681,f:5750,Cabiedes & Partners,01/01/2011,24000000,EUR
682,682,f:8746,Solis II,02/05/2013,61000000,USD
683,683,f:4683,HBM BioCapital II fund,14/02/2012,90000000,EUR
684,684,f:7653,Fund IV,15/02/2012,700000000,USD
685,685,f:1793,Clean-tech fund,16/02/2012,51000000,USD
686,686,f:5233,ff Silver Venture Capital Fund,30/11/2011,27000000,USD
687,687,f:8756,Capital Dynamics Champion Ventures VII,16/02/2012,111000000,USD
688,688,f:4607,NEW Capital Fund II,01/02/2012,25000000,USD
689,689,f:8768,Dont Panic Labs,30/09/2010,0,USD
690,690,f:8768,Icora,30/03/2011,0,USD
691,691,f:8768,EC3H,02/06/2011,1500000,USD
692,692,f:8768,Beehive Industries,20/12/2011,0,USD
693,693,f:8768,EliteForm,19/01/2012,0,USD
694,694,f:3800,AOL Ventures I,01/01/2010,30000000,USD
695,695,f:5633,"NextView Ventures, L.P.",21/02/2012,21000000,USD
696,696,f:8762,Hyde Park Venture Partners Fund I,27/11/2012,21500000,USD
697,697,f:3939,Citic Capital Venture Partners,23/02/2012,60000000,USD
698,698,f:7,Charles River Partnership XV,28/02/2012,375000000,USD
699,699,f:4161,Thoma Bravo Fund X,28/02/2012,1250000000,USD
700,700,f:174,Emergence Capital Partners III,01/01/2012,250000000,USD
701,701,f:367,Intel Capital Connected Car Fund,29/02/2012,100000000,USD
702,702,f:8818,L Capital 3 FCPR,02/03/2012,400000000,EUR
703,703,f:1606,Community Generation Fund,01/03/2012,1250000,GBP
704,704,f:6950,Fund 1,01/11/2010,10000000,USD
706,706,f:375,Annex Fund I,07/03/2012,12600000,USD
707,707,f:8547,Destra Focused Equity Fund,,0,USD
708,708,f:4341,Pan-Asia Fund Of Funds III,19/03/2012,1150000000,USD
709,709,f:12,Fund 1,01/01/1984,28000000,USD
710,710,f:12,Fund II,01/01/1987,65000000,USD
711,711,f:12,Fund III,01/01/1991,75000000,USD
712,712,f:12,Fund IV,01/01/1994,115000000,USD
713,713,f:12,Fund V,01/01/1997,170000000,USD
714,714,f:12,Fund VI,01/01/1998,320000000,USD
715,715,f:12,Fund VII,01/01/1999,825000000,USD
716,716,f:12,Fund VIII,01/01/2001,830000000,USD
717,717,f:12,Fund IX,01/01/2005,525000000,USD
718,718,f:8490,VALLEY 1,,0,USD
720,720,f:8890,Middle-Market Mezzanine Capital Investment Fund,20/03/2012,240000000,USD
721,721,f:542,OpenView Fund III,21/03/2012,206000000,USD
723,723,f:1058,BlackBerry Partners Fund II,21/03/2012,150000000,USD
724,724,f:18,Life sciences Fund,21/03/2012,150000000,EUR
725,725,f:8894,Fund I,21/03/2012,45000000,USD
726,726,f:8895,LongueVue Capital Partners II,21/03/2012,175000000,USD
727,727,f:7017,i2a Fund,26/02/2007,10000000,USD
728,728,f:12,Fund X,01/01/2008,900000000,USD
730,730,f:3573,ronald gilman,28/03/2012,2500000,USD
731,731,f:4389,Tech-Focused Fund IV,29/03/2012,750000000,USD
732,732,f:7393,Lumira Capital ll,26/03/2012,100000000,USD
733,733,f:8940,The MaRS Cleantech Fund LP,29/03/2012,30000000,USD
734,734,f:8869,DGF CAPITAL I (REIF),01/06/2002,13000000,USD
735,735,f:8869,DGF Capital II (FIPAC),01/06/2007,60000000,USD
736,736,f:8869,DGF Bioenergia I (Terra Viva),01/01/2009,175000000,USD
737,737,f:8869,DGF EARLY STAGE 1 (INOVA),17/01/2012,30000000,USD
738,738,f:7635,Cypress Growth Fund,28/06/2011,1500000,USD
739,739,f:3413,Denham Commodity Partners Fund VI LP,03/04/2012,3000000000,USD
740,740,f:1622,Venture Fund 2012,03/04/2012,10000000000,USD
741,741,f:4382,NYLCAP Mezzanine Partners III,04/04/2012,980000000,USD
742,742,f:2250,Israeli biomedical fund,04/04/2012,222000000,USD
743,743,f:3258,Opportunities Fund,04/04/2012,132000000,USD
744,744,f:8964,Fund I,04/04/2012,860000000,USD
745,745,f:2246,Fund II,05/04/2012,60000000,USD
746,746,f:712,Northgate Venture Partners VI,05/04/2012,275000000,USD
747,747,f:6992,Aavishkaar II,08/08/2013,94000000,USD
749,749,f:23,Foundation Capital VII,10/04/2013,282000000,USD
750,750,f:7025,H.I.G. BioVentures II,10/04/2012,268000000,USD
751,751,f:8981,ronald gilman (personal Butler Assistant),11/04/2012,2500000,USD
752,752,f:6677,Morgan Stanley Private Markets Fund V,12/04/2012,720000000,USD
753,753,f:9001,Mount Kellett Capital Partners II,12/04/2012,4000000000,USD
754,754,f:7466,IPV I,01/11/2007,85000000,USD
755,755,f:7222,Cass Entrepreneurship Fund,01/11/2010,10000000,GBP
756,756,f:29,First Round Capital IV,16/04/2012,135000000,USD
757,757,f:1190,Harbert Venture Partners III,16/04/2012,77000000,USD
758,758,f:7238,Inflexion Fund III,30/09/2010,375,GBP
759,759,f:7238,Inflexion Fund II,13/11/2006,165000000,GBP
760,760,f:4122,Fund 2,17/04/2012,100000000,USD
761,761,f:334,Technocom 2,18/04/2012,30000000,EUR
762,762,f:5733,Illuminate Ventures I,18/04/2012,8500000,USD
763,763,f:4132,Principia I,01/06/2005,28000000,EUR
764,764,f:4132,Principia II,01/06/2009,63500000,EUR
765,765,f:7620,Klass Capital I,24/04/2012,50000000,USD
766,766,f:9068,WAMEX Private Equity Fund II,25/04/2012,160000000,USD
767,767,f:7051,ISIS V,27/04/2012,360000000,GBP
768,768,f:4066,Indiana Seed Fund II,30/04/2012,8250000,USD
769,769,f:3663,MMC Enterprise Capital Fund,01/01/2008,30000000,GBP
770,770,f:3663,MMC Ventures,01/01/2011,50000000,GBP
771,771,f:49,Fund III,01/01/2005,220000000,USD
772,772,f:49,Fund 11,01/01/2000,312000000,USD
773,773,f:61,Mayfield XIII,,400000000,USD
774,774,f:1857,Energy VC Fund III,27/06/2012,300000000,USD
775,775,f:190,Brightspark Ventures LP,01/01/2000,65000000,USD
776,776,f:190,Brightspark Ventures II LP,01/01/2006,60000000,USD
777,777,f:9051,Fund I,05/05/2012,16000000,EUR
778,778,f:1529,Mezzanine Fund,04/05/2012,100000000,EUR
779,779,f:6111,Armajaro Commodities Fund,08/05/2012,1600000000,USD
780,780,f:6111,CC+ Fund,,0,USD
781,781,f:6111,CZAR+ Fund,,0,USD
782,782,f:6111,Armajaro Emerging Markets,,0,USD
783,783,f:6111,Armajaro STS Commodities Fund,,0,USD
784,784,f:6111,AIMS Diversified Fund,,0,USD
785,785,f:2588,Caixa Innvierte Industria,10/05/2012,23000000,EUR
786,786,f:7622,Fund I,11/05/2012,97500000,USD
787,787,f:4160,Fund V,14/05/2012,561000000,USD
788,788,f:2655,ESP Fund II,01/01/2007,55000000,USD
789,789,f:770,TVC Capital II,01/01/2012,75000000,USD
790,790,f:493,Panorama I,01/04/2008,240000000,USD
791,791,f:2044,Peterson Ventures IV LP,17/05/2012,10250000,USD
792,792,f:41,KPCB 15,17/05/2012,525000000,USD
793,793,f:5775,Vista Equity Partners Fund IV,17/05/2012,3500000000,USD
794,794,f:392,Focus Ventures III,18/04/2006,250000000,USD
795,795,f:248,Morgenthaler Ventures IX,01/11/2008,400000000,USD
796,796,f:3726,Lexington Capital Partners VI,01/01/2006,0,USD
797,797,f:2970,Inveready Venture Finace,05/06/2012,0,EUR
798,798,f:99,Pitango Venture Capital Fund V,01/01/2007,330000000,USD
799,799,f:767,Fund IV LP,22/05/2012,105000000,CAD
800,800,f:9163,Fund I,,20000000,CAD
801,801,f:8116,Pilot Round,01/01/2010,1000000,USD
802,802,f:4249,Pangaea Ventures Fund III,23/05/2012,50000000,USD
803,803,f:621,Rho Canada Ventures II,23/05/2012,100000000,CAD
804,804,f:3127,Fund I,01/07/2009,300000000,USD
805,805,f:9224,Think Big Ventures I,25/05/2012,0,USD
806,806,f:4054,MCI.EuroVentures,,0,USD
807,807,f:4054,MCI.TechVentures,,0,USD
809,809,f:4054,Helix Ventures Partners,,0,USD
810,810,f:1257,Real Ventures,27/10/2010,50000000,CAD
811,811,f:4054,Internet Ventures,,0,USD
813,813,f:7393,Merck Lumira Biosciences Fund,26/03/2012,50000000,USD
814,814,f:189,Apax US VII,01/01/2006,856300000,USD
816,816,f:1262,Rho Ventures VI,,510000000,USD
817,817,f:258,Spectrum Equity Investors VI,28/11/2008,1250000000,USD
818,818,f:6872,FIP BROPP1,,0,USD
819,819,f:5877,Healthcare Innovation Fund,04/06/2012,157000000,USD
820,820,f:89,"Madrona Venture Fund V, L.P.",05/06/2012,300000000,USD
822,822,f:9268,Fund I,01/10/2011,0,USD
825,825,f:446,Fund III,07/06/2012,71000000,USD
827,827,f:6798,Fund II,11/06/2012,35000000,USD
828,828,f:4318,NCT Ventures Fund I,20/06/2008,23700000,USD
829,829,f:1140,Tandem Fund II,14/06/2012,32000000,USD
830,830,f:6720,DVC I,01/11/2010,2000000,USD
831,831,f:6720,DVC II,01/06/2012,15000000,USD
832,832,f:9316,Fund I,14/06/2012,22000000,USD
833,833,f:7409,Fidelity India Ventures,07/07/2012,250000000,USD
834,834,f:4317,Central Valley Fund II,17/06/2012,100000000,USD
835,835,f:18,Fund VI,17/06/2012,350000000,EUR
836,836,f:2858,Frontier Fund III,18/06/2012,250000000,USD
837,837,f:1104,Blumberg Capital III,07/11/2013,150000000,USD
838,838,f:572,Ascent Venture Partners V,21/06/2012,81750000,USD
839,839,f:6535,Health-Care Services Fund II,22/06/2012,150000000,USD
840,840,f:2157,health-care venture fund,22/06/2012,75000000,USD
841,841,f:74,TV I,01/01/2006,160000000,USD
842,842,f:74,TV II,01/01/2008,208000000,USD
843,843,f:74,TV III,01/01/2012,220000000,USD
844,844,f:484,IVP XIV,28/06/2012,1000000000,USD
845,845,f:6917,ARC Angel Fund,24/08/2012,3500000,USD
846,846,f:8371,iTech Fund I,01/07/2011,120000000,USD
847,847,f:9414,German Equity Partners IV,03/07/2012,230000000,EUR
849,849,f:1170,Partnership Holdings II and II-A,06/07/2012,65000000,USD
851,851,f:9430,Debut Fund I,09/07/2012,100000000,USD
852,852,f:7490,Biotech Fund IV,11/07/2012,152000000,USD
853,853,f:61,Fund XIV,12/07/2012,365000000,USD
854,854,f:9463,PCI V,03/07/2012,200000000,EUR
855,855,f:334,Innovacom 4,01/01/2000,200000000,EUR
856,856,f:2228,The Dell Fluid Data Storage Fund,18/07/2012,60000000,USD
857,857,f:2793,Venture Fund II,18/07/2012,53000000,USD
858,858,f:7897,BMW i Ventures Fund,01/02/2011,100000000,USD
859,859,f:9067,Investomex VC I,01/01/2012,5000000,USD
860,860,f:3570,K9 Ventures II,19/07/2012,40000000,USD
861,861,f:9499,European Opportunities Fund,17/07/2012,169000000,EUR
862,862,f:338,Artiman Ventures III,01/01/2010,200000000,USD
863,863,f:322,Fund Three,20/07/2012,33800000,USD
864,864,f:9295,FIP Precursor II,01/01/2010,27000000,USD
865,865,f:3854,Fund II,18/09/2012,224000000,USD
866,866,f:184,Redpoint e.ventures Brazil Fund,23/07/2012,130000000,USD
867,867,f:2318,Tenaya Capital VI,24/07/2012,372000000,USD
869,869,f:316,NEA 14,25/07/2012,2600000000,USD
870,870,f:8127,Espresso Capital Tax Credit II Fund,01/10/2011,30000000,CAD
871,871,f:7754,Fund I,26/07/2012,40000000,USD
872,872,f:24,Fund VI,26/07/2012,550000000,USD
873,873,f:9530,The Resilience Fund III,26/07/2012,222500000,USD
874,874,f:4850,Floodgate Fund IV,30/07/2012,75000000,USD
875,875,f:9543,Cowboy Capital Fund I,30/07/2012,40000000,USD
877,877,f:1085,Credit Fund,01/08/2012,520000000,USD
878,878,f:812,DVP I,01/01/2005,2500000,USD
879,879,f:812,DVP II,01/01/2009,6000000,USD
880,880,f:812,DVP III,01/07/2012,25000000,USD
881,881,f:6944,DBAG Fund VI,04/08/2012,700000000,EUR
882,882,f:9295,FIP Precursor,01/01/2005,25000000,USD
883,883,f:94,LSVP,,2000000000,USD
884,884,f:9580,"Sponsoring Partners - Khosla Ventures, North Bridge Venture Partners, Andreessen Horowitz, KPCB, 500 Startups, KKLD, Venture51, Quest Venture Partners",01/04/2011,0,USD
885,885,f:9581,Linsalata Capital Partners Fund VI,07/08/2012,427000000,USD
886,886,f:2288,Bio Generation Fund,17/11/2006,0,USD
887,887,f:8325,Fund II,09/08/2012,150000000,USD
888,888,f:9594,Inaugural Fund,09/08/2012,25000000,USD
889,889,f:1950,Glynn Partners III LP,09/08/2012,188000000,USD
891,891,f:9600,NorthEdge Capital Fund I,13/08/2012,125000000,GBP
892,892,f:6783,Catalyst Fund III,14/08/2012,213000000,USD
893,893,f:892,GGV Capital IV,21/08/2012,625000000,USD
894,894,f:6737,China Clean Tech Fund,15/08/2012,200000000,USD
895,895,f:1617,Triangle Peak Partners II,15/08/2012,160000000,USD
896,896,f:8202,Alta Ventures Mexico I LP,17/08/2012,70000000,USD
897,897,f:9546,Eleven Fund,04/04/2012,12000000,EUR
898,898,f:9641,Ares Corporate Opportunities Fund IV,22/08/2012,4700000000,USD
899,899,f:17,Israel-focused Fund V,23/08/2012,200000000,USD
900,900,f:99,Pitango Venture Capital Fund VI,01/10/2013,270000000,USD
901,901,f:3819,Fund I,30/08/2012,50000000,USD
902,902,f:3181,SV Angel IV,30/08/2012,40000000,USD
903,903,f:663,Avalon Ventures X,30/08/2012,200000000,USD
904,904,f:9681,Gridiron Capital Fund II,31/08/2012,425000000,USD
905,905,f:813,MOLINS CAPITAL INVERSION,03/09/2012,20000000,EUR
906,906,f:9700,"Patron Capital, L.P. IV",05/09/2012,880000000,EUR
907,907,f:9701,Fund III,05/09/2012,91000000,USD
908,908,f:9674,Gorilla Acceleration Fund Ky,01/09/2012,1300000,USD
909,909,f:719,Fund III,06/09/2012,270000000,USD
910,910,f:127,Fund VI,10/09/2012,150000000,USD
911,911,f:9738,Seed Fund,08/08/2013,1050000,USD
912,912,f:3809,Founder Collective II,11/09/2012,70000000,USD
913,913,f:1228,Fund I,15/03/2000,20400000,USD
914,914,f:1228,Fund II,01/07/2007,23700000,USD
915,915,f:4691,Fund III,13/09/2012,36500000,USD
916,916,f:8053,Greenstart,01/03/2012,6000000,USD
917,917,f:745,"Foundry Venture Capital 2012, L.P.",14/09/2012,225000000,USD
918,918,f:6973,Pilot Fund,01/01/2010,888000,USD
919,919,f:952,Ventech Capital F,19/09/2012,100000000,EUR
920,920,f:8913,Fund I,19/09/2012,3500000,USD
921,921,f:195,Life Sciences Fund,19/09/2012,91000000,USD
922,922,f:9796,"Harvest Partners VI, L.P.",20/09/2012,1100000000,USD
923,923,f:8631,Fund I,01/01/2007,0,EUR
924,924,f:8631,Fund II,01/09/2009,5000000,EUR
926,926,f:9763,IdeaSpace Incubator Fund,01/03/2012,12500000,USD
927,927,f:9809,THC 2,25/09/2012,50000000,EUR
928,928,f:113,Crossover Fund VI,26/09/2012,320000000,USD
930,930,f:8157,Raptor Ventures I LP,28/09/2012,32200000,USD
931,931,f:8003,Fund I,03/10/2012,100000000,USD
932,932,f:3544,NascenTI,01/11/2011,25,USD
933,933,f:9616,"Amerigo Innvierte Spain Technologies, FCR",01/08/2012,45000000,EUR
934,934,f:9419,Roark Capital Partners III LP,08/10/2012,1500000000,USD
935,935,f:3586,Longitude Venture Partners II,10/10/2012,385000000,USD
936,936,f:903,DFJ Mercury Fund I,20/03/2005,20000000,USD
938,938,f:9615,Seed fund,18/07/2012,10000000,USD
939,939,f:5717,Greenspring Global Partners V,21/10/2012,356000000,USD
940,940,f:8738,EC1 Capital. Seed Fund.,08/12/2011,10000000,GBP
941,941,f:32,Atomico III,10/11/2013,476630000,USD
942,942,f:9433,BHV Entrepreneurship Fund I,15/06/2012,4100000,USD
943,943,f:7095,Fund 1,01/02/2011,0,USD
944,944,f:7095,Venture51 Capital Partners II,13/07/2013,25000000,USD
945,945,f:10029,Brazil Fund,01/07/2012,130000000,USD
946,946,f:191,Venrock VI,01/07/2010,350000000,USD
947,947,f:48,Benchmark Capital Partners VII LP,14/01/2011,425000000,USD
948,948,f:1799,Pre Seed Fund,01/01/2002,0,USD
949,949,f:1799,Starfish Technology Fund I,01/01/2004,0,USD
950,950,f:1799,Starfish Technology Fund II,01/01/2008,0,USD
951,951,f:7681,"Serra Capital I, L.P",01/10/2010,0,USD
952,952,f:1176,Fonsinnocat,03/05/2002,25000000,USD
953,953,f:1176,Highgrowth Innovation,01/07/2007,18000000,USD
954,954,f:10082,Israeli micro venture capital fund,13/11/2012,35000000,USD
955,955,f:10079,Lion Fund I,01/11/2012,0,USD
956,956,f:3738,Fund IV,13/11/2012,40000000,USD
957,957,f:6956,OTP Venture Capital Fund I.,,24000000,EUR
961,961,f:31,OATV Fund III,19/11/2012,85000000,USD
962,962,f:7632,Growth Equity Round,21/11/2012,0,USD
963,963,f:592,GRP IV,31/10/2012,200000000,USD
964,964,f:375,Greycroft III,26/11/2012,175000000,USD
966,966,f:10165,Seedcamp,01/11/2012,50000,EUR
967,967,f:10165,Seedcamp,01/11/2012,100000,EUR
968,968,f:8118,Fund I,06/12/2012,50000000,USD
969,969,f:1132,Products & Services Fund,01/07/2012,0,USD
970,970,f:1132,Processes & Infrastructure Fund,01/07/2012,0,USD
971,971,f:2130,Xange Capital 2,,60000000,EUR
972,972,f:2130,XPansion Capital,,50000000,EUR
973,973,f:2130,Regional Fund FIP,,15000000,EUR
974,974,f:2130,Fund of Actys 2,,40000000,EUR
975,975,f:17,Global Growth Fund,17/12/2012,700000000,USD
976,976,f:4282,Clearlake Capital Partners III,03/01/2013,785000000,USD
977,977,f:8706,Unitus Seed Fund I,03/01/2013,8000000,USD
978,978,f:9835,Initial Opt-In Fund (Up To $5M),01/09/2012,5000000,USD
979,979,f:379,Innovation Works Development Fund,21/08/2011,180000000,USD
980,980,f:379,WI Harper Fund VI,08/03/2007,133000000,USD
981,981,f:3854,Founding fund,01/09/2009,115000000,USD
982,982,f:3836,CHV III LP,07/01/2013,225000000,USD
983,983,f:581,Fund VII,09/01/2013,375000000,USD
984,984,f:9873,PeopleFund I,,0,USD
985,985,f:636,Bain Capital Ventures Fund 2009,01/02/2009,525000,USD
986,986,f:4604,Wellington Financial Fund IV,14/01/2013,190000000,USD
987,987,f:4505,Media Opportunities Fund 2 EIS,14/01/2013,10000000,GBP
988,988,f:1044,Emerald Cleantech Fund III,15/01/2013,0,USD
989,989,f:3823,Medtech Fund,15/01/2013,225000000,USD
990,990,f:10358,Huron Fund IV,15/01/2013,500000000,USD
991,991,f:13,Redpoint V,16/01/2013,400000000,USD
992,992,f:9467,Disruptive Innovation Fund,01/08/2007,0,USD
993,993,f:9913,Venture capital fund,23/01/2013,100000000,USD
994,994,f:929,Prime Ventures IV,24/01/2013,100000000,EUR
995,995,f:8307,Openfund II,27/01/2013,10000000,EUR
996,996,f:6776,"TEXO Ventures I, LP",24/01/2012,0,USD
997,997,f:379,WI Harper Fund V,,0,USD
998,998,f:379,WI Harper Fund IV,,0,USD
999,999,f:379,WI Harper Fund III,,0,USD
1000,1000,f:379,WI Harper Fund II,,0,USD
1001,1001,f:379,WI Harper Fund I,,0,USD
1002,1002,f:10437,Lightspeed China Partners I,29/01/2013,168000000,USD
1003,1003,f:5344,ZGI Fund,,49000000,USD
1004,1004,f:5344,ZGI-2,,0,USD
1005,1005,f:8154,Serent Capital II,30/01/2013,350000000,USD
1006,1006,f:1866,Cleantech Fund II,30/01/2013,74000000,USD
1007,1007,f:7512,Fulcrum Growth Fund II,31/01/2013,93000000,USD
1008,1008,f:8875,ebut Health-Care Fund,31/01/2013,100000000,USD
1009,1009,f:6947,EnCap Energy Capital Fund IX,03/02/2013,5000000000,USD
1010,1010,f:8675,K5 Venture Fund I,,0,USD
1011,1011,f:583,Osage Venture Partners III,05/02/2013,66000000,USD
1012,1012,f:214,SoftBank PrinceVille Investments,07/02/2013,250000000,USD
1013,1013,f:34,Spark Capital Fund IV,26/02/2013,450000000,USD
1014,1014,f:4,Accel London IV,21/03/2013,475000000,USD
1015,1015,f:3362,Ambienta II,29/10/2013,147200000,EUR
1016,1016,f:10535,DWHP III,11/02/2013,265000000,USD
1017,1017,f:7405,Bright Capital Digital,,0,USD
1018,1018,f:7405,Bright Capital Energy I,01/01/2011,185000000,USD
1019,1019,f:9710,phenomen I,01/04/2012,50000000,USD
1020,1020,f:9710,phenomen II,20/01/2013,250000000,USD
1021,1021,f:97,Maveron III,01/11/2004,200000000,USD
1022,1022,f:97,Maveron II,01/03/2000,340000000,USD
1023,1023,f:7673,Point Nine Capital II,13/02/2013,40000000,EUR
1024,1024,f:1823,Lux Ventures III,13/02/2013,245000000,USD
1025,1025,f:2737,Fund II,09/09/2013,40000000,USD
1026,1026,f:4623,"Cornerstone Opportunity Partners, LLC",,0,USD
1027,1027,f:6311,Carlyle Peru Fund,19/02/2013,308000000,USD
1028,1028,f:4667,FATV I,,0,USD
1029,1029,f:4667,FATV II,01/01/2000,100000000,USD
1030,1030,f:1258,Accelerator Venture Capital II,20/02/2013,25000000,USD
1031,1031,f:10144,SoftBank Ventures InnoBiz fund,,0,USD
1032,1032,f:10144,SB Pan-Asia Fund,01/01/2011,0,USD
1033,1033,f:10144,SB Next-On-Rush Fund,,0,USD
1034,1034,f:137,Battery Ventures X,21/02/2013,650000000,USD
1035,1035,f:137,Battery Ventures X Side Fund,21/02/2013,250000000,USD
1036,1036,f:9491,Micro-VC fund,24/02/2013,19000000,USD
1037,1037,f:4919,Allos II,25/02/2013,40000000,USD
1038,1038,f:7770,GD IP fund I,15/01/2013,25000000,USD
1039,1039,f:7230,TCV 2 BV,01/10/2010,8000000,EUR
1040,1040,f:1200,Draper Triangle III,28/02/2013,40000000,USD
1041,1041,f:4878,Seacoast Capital Partners III,28/02/2013,150000000,USD
1042,1042,f:621,Rho Canada Ventures I,01/04/2006,100000000,CAD
1043,1043,f:7025,H.I.G. Capital Partners V,04/03/2013,1100000000,USD
1045,1045,f:7518,Peterson Partners VII,06/03/2013,140000000,USD
1046,1046,f:10625,Heliant Ventures Ltd,15/07/2012,0,USD
1047,1047,f:1788,Mid-Cap Leveraged Loan Fund,14/11/2013,595600000,EUR
1048,1048,f:5474,Arcus Ventures Fund II,07/03/2013,35600000,USD
1049,1049,f:1002,AC IV,08/03/2013,120000000,EUR
1050,1050,f:8929,Lakestar I,,0,USD
1051,1051,f:2677,SJF Ventures III LP,02/05/2013,90000000,USD
1052,1052,f:8375,Private equity co-investment fund II,12/03/2013,1100000000,USD
1053,1053,f:10751,Fund I,18/03/2013,150000000,GBP
1054,1054,f:2588,Caixa Capital BioMed,,22000000,EUR
1055,1055,f:2588,Caixa Capital Micro,,8000000,EUR
1056,1056,f:2588,Caixa Capital TIC,,20000000,EUR
1057,1057,f:9273,STL Tech Fund I,,3050000,USD
1059,1059,f:1492,NGEN I,01/09/2001,70000000,USD
1060,1060,f:1492,Fund II,01/01/2005,180000000,USD
1061,1061,f:1492,Fund III,01/01/2008,250000000,USD
1062,1062,f:5893,Fund VI,15/03/2013,300000000,USD
1063,1063,f:3009,Fund III,25/03/2013,516000000,USD
1064,1064,f:1701,Pelion Ventures V LP,30/05/2013,194000000,USD
1065,1065,f:10792,Fund II,20/03/2013,20000000,USD
1066,1066,f:1902,Fund II,22/03/2013,160000000,USD
1067,1067,f:9272,Bregal Sagemount I L.P.,15/05/2012,500000000,USD
1068,1068,f:1510,Digital Investments,01/01/2010,9000000,EUR
1069,1069,f:10827,Primus Capital Fund VII,16/03/2013,353000000,USD
1070,1070,f:5935,BOLDstart II,01/02/2013,10700000,USD
1071,1071,f:6225,Cendana Capital,29/03/2013,88000000,USD
1072,1072,f:809,Nova Scotia First Fund,,0,USD
1073,1073,f:2930,CapMan Russia II fund,02/04/2013,97000000,EUR
1074,1074,f:880,KPCB iFund,06/03/2008,100000000,USD
1075,1075,f:10887,Idea Energy Efficiency Sustainable Growth Fund (IEEF),03/04/2013,100000000,EUR
1078,1078,f:5094,Milestone Partners IV,05/04/2013,300000000,USD
1079,1079,f:62,Ignition Venture Partners V,04/04/2013,150000000,USD
1080,1080,f:10608,Playfair Fund,01/01/2011,10000000,GBP
1081,1081,f:3663,The MMC London Fund,08/04/2013,11000000,GBP
1082,1082,f:89,"Madrona Venture Fund III, L.P.",01/01/2005,167000000,USD
1083,1083,f:89,"Madrona Venture Fund I, L.P.",01/01/1999,250000000,USD
1084,1084,f:10913,DPE II,09/04/2013,350000000,EUR
1085,1085,f:4853,SBI Jefferies Asia Fund,01/06/2010,150000000,USD
1086,1086,f:4853,SBI FMO FInancial Services Fund,01/08/2012,150000000,USD
1087,1087,f:10732,MEVF,01/01/2010,10000000,USD
1088,1088,f:10732,BBEF,01/01/2012,15000000,USD
1089,1089,f:7444,Ridgemont Equity Partners I,12/04/2013,735000000,USD
1090,1090,f:10662,Laconia Fund,01/01/2012,5000000,USD
1095,1095,f:5388,StepStone Secondary Opportunities Fund II,17/04/2013,450000000,USD
1096,1096,f:10927,Fund 1,18/04/2013,448000000,USD
1100,1100,f:2535,Silver Lake Partners IV,19/04/2013,10300000000,USD
1102,1102,f:10222,WI Harper Group,01/02/2012,0,USD
1103,1103,f:10222,Innovation Works (China),01/02/2012,0,USD
1104,1104,f:10222,ITIC,01/02/2012,0,USD
1105,1105,f:5129,Fund II,23/04/2013,26000000,USD
1106,1106,f:792,Carlyle Peru Fund,19/02/2013,308000000,USD
1107,1107,f:6230,Amidzad Partners,01/01/1999,0,USD
1108,1108,f:6230,Plug & Play Ventures,21/07/2009,0,USD
1109,1109,f:6230,Startup Camp Fund,02/11/2009,0,USD
1110,1110,f:1034,Tribeca Venture Fund II LP,28/09/2012,64000000,USD
1111,1111,f:4689,DFJ Growth Fund 2006,01/10/2007,290000000,USD
1114,1114,f:111,Fund IX,01/05/2013,265000000,USD
1115,1115,f:2324,Kohlberg Investors VII,01/05/2013,1600000000,USD
1116,1116,f:11144,Bowery Capital I,01/05/2013,33000000,USD
1117,1117,f:13,Redpoint V,16/01/2013,400000000,USD
1118,1118,f:11199,Plexus Fund III,03/05/2013,150000000,USD
1119,1119,f:1145,Creandum III,07/05/2013,135000000,EUR
1120,1120,f:9678,"Telegraph Hill Capital Fund I, LLC",01/10/2008,0,USD
1121,1121,f:1273,NewSpring Growth Capital III,06/05/2013,250000000,USD
1122,1122,f:3271,Windcrest Partners Public Investments LP,,0,USD
1123,1123,f:3271,Windcrest Partners II LP,,0,USD
1124,1124,f:105,Balderton Capital V,08/05/2013,0,USD
1125,1125,f:518,Fund III,01/02/2010,250000000,USD
1126,1126,f:286,Matrix X,09/05/2013,450000000,USD
1127,1127,f:11145,Seed Round,08/02/2013,15000,USD
1128,1128,f:11145,Seed Round,01/02/2013,15000,USD
1129,1129,f:1747,Frazier Healthcare VII LP,01/10/2013,377000000,USD
1130,1130,f:1312,Grotech Ventures II,13/05/2013,225000000,USD
1131,1131,f:11196,rQuest Media Fund I,,2500000,USD
1132,1132,f:2241,Petra Growth Fund III,13/05/2013,230000000,USD
1133,1133,f:11292,Colorado State University,13/05/2013,1500000,USD
1134,1134,f:3450,Green Venture Capital Fund,10/05/2013,20000000,USD
1135,1135,f:571,Warburg Pincus Private Equity XI,13/05/2013,11200000000,USD
1136,1136,f:11293,Foley & Lardner,13/05/2013,2600000,USD
1137,1137,f:8770,Trilantic Capital Partners V,09/12/2013,2200000000,USD
1138,1138,f:1434,Fund VI,01/01/2013,1500000000,USD
1139,1139,f:9998,Bitcoin Fund,14/05/2013,15000000,USD
1142,1142,f:10234,Georgetown Alumni Angels FUND I Dealflicks,23/04/2013,125,USD
1143,1143,f:2055,Hopstop,01/07/2007,2000000,USD
1144,1144,f:3433,Fund III,15/05/2013,100000000,USD
1145,1145,f:8334,Fund I,15/05/2013,50000000,USD
1146,1146,f:4251,Schneider Electric Ventures I,01/01/2002,50000000,EUR
1147,1147,f:812,Fund III,13/05/2013,11000000,USD
1148,1148,f:799,Ridgewood Energy Oil & Gas Fund II,17/05/2013,450000,USD
1149,1149,f:9779,Athyrium Opportunities Fund,20/05/2013,507000000,USD
1150,1150,f:11409,Centerfield Capital Partners III,20/05/2013,171000000,USD
1151,1151,f:239,Nauta Tech Invest II,07/01/2006,50000000,EUR
1152,1152,f:3824,Solamere Capital Fund II,23/05/2013,250000000,USD
1153,1153,f:2011,QS PEP 2012,01/01/2012,150000000,USD
1154,1154,f:2011,QS REP II,01/01/2013,300000000,USD
1155,1155,f:2011,QS Capital Strategies,01/01/2013,230000000,USD
1156,1156,f:4093,IP Venture Fund II,23/05/2013,30000000,GBP
1157,1157,f:11461,RAISE Investment,01/01/2013,300000000,EUR
1158,1158,f:11461,RAISE Endowment,01/01/2013,20000000,EUR
1159,1159,f:11490,Beechbrook Mezzanine II,24/05/2013,67000000,EUR
1160,1160,f:1793,EnerTech Capital Partners IV (Canada),11/09/2013,120000000,USD
1161,1161,f:47,Insight Venture Partners VIII,29/05/2013,2570000000,USD
1162,1162,f:5928,Fund II,02/10/2013,44100000,USD
1164,1164,f:214,Yahoo! Japan Fund,01/04/2013,20000000,USD
1165,1165,f:6620,Next Generation Finance Invest,,16000000,EUR
1166,1166,f:214,Invest in NYC-based Startups,31/05/2013,53000000,USD
1167,1167,f:11591,Channel Medsystems,17/05/2013,875000,USD
1168,1168,f:1626,Fund III,03/06/2013,40000000,USD
1169,1169,f:2929,Paul Capital Partners X,03/06/2013,145000000,USD
1170,1170,f:367,Intel Capital Experiences and Perceptual Computing Fund,04/06/2013,100000000,USD
1171,1171,f:2274,TZP Capital Partners II LP,09/08/2013,370000000,USD
1172,1172,f:11652,Bloomberg LP,04/06/2013,75000000,USD
1173,1173,f:9838,Vintage Investment Partners VI,05/06/2013,161000000,USD
1175,1175,f:11573,ACON Equity Partners III,07/06/2013,751000000,USD
1176,1176,f:11727,Union Bay Capital Partners I,07/06/2013,88500000,USD
1177,1177,f:214,Early-Stage Technology Fund '10,01/01/2010,100000000,USD
1178,1178,f:3885,"Catterton Partners VII, L.P",18/09/2013,1680000000,USD
1180,1180,f:1427,Fund V,10/06/2013,75000000,USD
1181,1181,f:10638,Morado Venture Partners II,11/06/2013,30000000,USD
1182,1182,f:623,Origin Ventures III LP,20/11/2013,47000000,USD
1183,1183,f:8818,L Capital V,12/06/2013,1000000000,USD
1184,1184,f:11823,Fund I,12/06/2013,600000000,USD
1185,1185,f:8762,venture fund,13/06/2013,25000000,USD
1186,1186,f:9059,Entrepreneurs Investment Fund,01/01/2013,10000000,USD
1187,1187,f:11835,"Social Tech, Social Change",13/06/2013,1000000,EUR
1188,1188,f:4184,Fund IV,17/07/2008,765000000,USD
1189,1189,f:11917,Social Ventures Fund II,17/06/2013,75000000,USD
1190,1190,f:3939,Citic Capital China Retail Properties Investment Fund,17/06/2013,683000000,USD
1192,1192,f:11933,Fund I,17/06/2013,40000000,USD
1193,1193,f:1434,power and energy fund V,19/06/2013,7700000000,USD
1195,1195,f:4,Big Data Fund 2,17/06/2013,100000000,USD
1196,1196,f:11936,Fund I,17/06/2013,30000000,USD
1197,1197,f:792,European CLO fund,17/06/2013,350000000,EUR
1198,1198,f:11959,prime central London residential fund,17/06/2013,500000,GBP
1199,1199,f:9371,Huron River Ventures I,18/06/2013,11000000,USD
1200,1200,f:3579,Fund III,18/06/2013,30000000,USD
1202,1202,f:11970,Evercore Mexico Capital Partners III,18/06/2013,201000000,USD
1203,1203,f:567,iNovia Fund II,17/04/2007,112000000,USD
1204,1204,f:8325,Cultivian Sandbox Food & Agriculture Fund II,19/06/2013,58400000,USD
1205,1205,f:8066,Kurma Biofund II,20/06/2013,44000000,EUR
1206,1206,f:123,Leap Fund,20/06/2013,25000000,USD
1207,1207,f:1523,AVI,01/01/2008,20000000,USD
1208,1208,f:1523,AVII,17/07/2013,45000000,USD
1209,1209,f:12017,Aksìa Capital IV fund,21/06/2013,0,USD
1210,1210,f:189,Apax VIII,21/06/2013,7500000000,USD
1211,1211,f:12031,Affinity Equity Partners IV Fund,21/06/2013,2500000000,USD
1212,1212,f:12085,Fund III,01/07/2013,550000000,CAD
1215,1215,f:3484,Bru Venture Capital hf,,0,USD
1216,1216,f:3484,Bru II Venture Capital Fund S.C.A. SICAR,,0,USD
1217,1217,f:3383,China Environmental Fund I,01/01/2002,0,USD
1218,1218,f:3383,China Environmental Fund II,01/01/2004,0,USD
1219,1219,f:3383,China Environmental Fund III,,0,USD
1220,1220,f:7322,FundIII,24/06/2013,325000000,USD
1221,1221,f:12114,Owner Resources Group Fund II,25/06/2013,45000000,USD
1222,1222,f:12115,Terranum Capital Fund I,25/06/2013,235000000,USD
1223,1223,f:4332,Fund I,25/06/2013,31000000,USD
1224,1224,f:12136,SEAVI Advent Equity Fund VI,24/06/2013,125000000,USD
1225,1225,f:10730,Fund I,25/06/2013,115600000,USD
1226,1226,f:12137,Mangrove Equity Partners II Fund,21/06/2013,80700000,USD
1227,1227,f:686,Valor Equity Partners Fund III,23/10/2012,35000000,USD
1228,1228,f:6,Founders Fund IV,02/12/2011,625000000,USD
1229,1229,f:1488,HighBar Partners,26/06/2013,130000000,USD
1230,1230,f:7945,Top Tier Venture Capital VI LP,26/06/2013,156000000,USD
1231,1231,f:7945,Top Tier Venture Capital VI-B,26/06/2013,154200000,USD
1233,1233,f:5875,NCN Angel Fund II,27/06/2013,11000000,USD
1234,1234,f:12184,Australian private equity VI fund,28/06/2013,185000000,USD
1235,1235,f:12196,CapitalWorks II fund,28/06/2013,150000000,USD
1236,1236,f:818,Evergreen,,0,USD
1237,1237,f:12241,Erhvervsinvest fund III,01/07/2013,770000000,USD
1238,1238,f:12247,Stonepeak Infrastructure Fund I,09/10/2013,1650000000,USD
1239,1239,f:12254,Fund IV,17/05/2013,300000000,EUR
1240,1240,f:12255,Fund VI,01/07/2013,804000000,USD
1241,1241,f:6677,Morgan Stanley Global Secondary Opportunities Fund LP II,01/07/2013,770000000,USD
1243,1243,f:1430,Rolling Hills Ventures LP,01/07/2013,15000000,USD
1244,1244,f:177,Debt Fund,02/07/2013,281000000,EUR
1245,1245,f:3939,Debut fund,02/07/2013,113000000,USD
1246,1246,f:12281,Maiden Fund,02/07/2013,35000000,USD
1249,1249,f:12295,Fund I,03/07/2013,3100000,USD
1250,1250,f:12305,Wing Venture fund,03/07/2013,111000000,USD
1251,1251,f:12310,Fund I,03/07/2013,140000000,USD
1253,1253,f:12315,Pine Brook Fund II,03/07/2013,2000000000,USD
1254,1254,f:7915,mega-buyout fund,08/08/2013,8400000000,USD
1255,1255,f:5236,Samridhi Fund,05/07/2013,58000000,USD
1256,1256,f:5727,Cycle Capital Fund III,05/07/2013,108000000,USD
1257,1257,f:12372,Hedge fund,08/07/2013,53500000,USD
1258,1258,f:12374,Fund IV,08/07/2013,1600000000,USD
1259,1259,f:2325,Dawn Capital II Venture Capital Fund,09/07/2013,100000000,USD
1260,1260,f:982,Clayton Dubilier & Rice Fund IX,09/07/2013,2500000000,USD
1261,1261,f:4216,"Volition Capital Fund II, L.P.",04/12/2013,170000000,USD
1262,1262,f:12406,New Heritage Capital Fund LP,27/09/2013,151700000,USD
1263,1263,f:6602,Parkwalk UK Technology EIS Fund IV,01/04/2013,0,USD
1264,1264,f:6602,Parkwalk Cambridge Enterprise Fund I,01/05/2012,0,USD
1265,1265,f:6602,Parkwalk Cambridge Enterprise Fund II,,0,USD
1266,1266,f:6602,Parkwalk ZeroND Fund,01/03/2013,0,USD
1267,1267,f:10962,Patriot Capital III SBIC,09/07/2013,250000000,USD
1268,1268,f:154,Dover Street VIII L.P,10/07/2013,3600000000,USD
1269,1269,f:10101,Digital Accelerator LP,,0,USD
1270,1270,f:8282,Palatine Private Equity fund II,11/07/2013,150000000,GBP
1271,1271,f:12430,Grey Mountain Partners Fund III,11/07/2013,425000000,USD
1272,1272,f:5990,Fund V,11/07/2013,65000000,USD
1273,1273,f:11306,Leopard Cambodia Fund,01/04/2008,34100000,USD
1274,1274,f:11306,Leopard Haiti Fund,01/07/2012,20000000,USD
1279,1279,f:269,Fund II,01/01/1999,225000000,USD
1280,1280,f:269,Fund III,01/01/2001,196000000,USD
1281,1281,f:269,Fund IV,01/01/2006,300000000,USD
1282,1282,f:5020,Plenus I,01/01/2000,38500000,USD
1283,1283,f:5020,Plenus II,01/01/2004,56000000,USD
1284,1284,f:5020,Plenus III,01/01/2007,120000000,USD
1285,1285,f:5020,Plenus Mezzanine,01/01/2006,95600000,USD
1286,1286,f:737,Fund IV,14/07/2013,75000000,USD
1287,1287,f:11309,Fund I,12/07/2013,800000000,USD
1289,1289,f:12497,Fund II,02/05/2013,600000000,USD
1290,1290,f:966,Amadeus IV Digital Prosperity Fund.,15/07/2013,75000000,USD
1291,1291,f:8728,Advancit Capital fund II,12/07/2013,25000000,USD
1292,1292,f:12513,LightCap I Fund,15/07/2013,0,USD
1293,1293,f:12523,Physician Fund,16/07/2013,5100000,USD
1294,1294,f:9697,Windforce I LP,01/08/2012,4000000,USD
1295,1295,f:123,Highland's IX fund,13/10/2013,400000000,USD
1296,1296,f:12569,J-Star fund II,17/07/2013,201000000,USD
1297,1297,f:3726,Lexington Co-Investment Partners III,17/07/2013,1570000000,USD
1298,1298,f:12596,Bonnefield Canadian Farmland LP III,16/07/2013,100000000,USD
1299,1299,f:4184,Sentinel Capital Investors V LP,17/07/2013,1100000000,USD
1300,1300,f:1622,Venture Fund 2008,01/09/2008,127000000,EUR
1301,1301,f:4546,"Inter-Atlantic Fund, LP",01/01/2000,0,USD
1302,1302,f:4546,"Inter-Atlantic Fund II, LP",01/01/2005,0,USD
1303,1303,f:4546,"Inter-Atlantic Fund III, LP",01/01/2011,0,USD
1304,1304,f:12613,Redevelopment Fund,01/06/2013,80000000,USD
1305,1305,f:8565,Blue Wolf Capital Fund III LP,18/07/2013,300000000,USD
1306,1306,f:12625,Trive Capital Fund I LP,18/07/2013,300000000,USD
1307,1307,f:885,Bonsai Fund,20/07/2013,0,USD
1308,1308,f:12677,Fulcrum Venture India Fund II,31/10/2013,10000000,USD
1309,1309,f:7666,Dunedin Buyout Fund III,22/07/2013,300000000,GBP
1310,1310,f:5889,CVC Capital Partners VI fund,22/07/2013,10500000000,EUR
1311,1311,f:12704,Fund II,22/07/2013,324000000,USD
1312,1312,f:12707,Maiden Fund,16/10/2013,4900000,USD
1313,1313,f:1536,Invision V,23/07/2013,285000000,EUR
1314,1314,f:12714,"BLACKROCK PRIVATE EQUITY PARTNERS VI US, L.P.",05/07/2013,50000000,USD
1315,1315,f:1622,Fund IV,23/07/2013,200000000,USD
1316,1316,f:12738,Generation Growth Capital Fund II,18/09/2013,37000000,USD
1317,1317,f:5128,global real-estate fund,23/07/2013,4400000000,USD
1318,1318,f:12744,QMC II,24/07/2013,100000000,EUR
1319,1319,f:3802,Russia Fund II,24/07/2013,102000000,USD
1320,1320,f:443,DCM Fund VII,24/07/2013,250000000,USD
1321,1321,f:10648,Sunbridge Startups LLP,01/06/2011,0,USD
1322,1322,f:12762,African Development Partners II (ADP II),28/11/2013,400000000,USD
1323,1323,f:10100,second venture capital fund,26/07/2013,6000000,USD
1324,1324,f:1404,mezzanine debt II fund,25/07/2013,30000000,USD
1325,1325,f:5733,Illuminate Ventures Spotlight Fund,01/05/2011,0,USD
1326,1326,f:4318,NCT Ventures Fund II,12/07/2013,50000000,USD
1327,1327,f:2883,Fourth Formal Investment Fund,26/07/2013,26000000,USD
1328,1328,f:12830,Fund II,26/07/2013,500000000,USD
1329,1329,f:1140,Tandem Habit Fund,29/07/2013,100000000,USD
1330,1330,f:2750,Fund III,29/07/2013,310000000,USD
1331,1331,f:9532,Inventure Fund I,01/04/2012,100000000,USD
1332,1332,f:611,YLV II,30/07/2013,27500000,USD
1333,1333,f:6253,Initial Fund,21/09/2010,150000000,USD
1335,1335,f:10043,Fund I,30/07/2013,75000000,USD
1336,1336,f:6186,Private Debt Fund IV LP,07/10/2013,387000000,USD
1337,1337,f:12859,Levine Leichtman Capital Partners V LP,29/07/2013,1270000000,USD
1338,1338,f:874,Fund III,31/07/2013,750000000,USD
1339,1339,f:8810,NXT Capital Senior Loan Fund II,31/07/2013,783000000,USD
1340,1340,f:12860,Found VIII,31/07/2013,248000000,USD
1341,1341,f:874,Fund II,07/03/2008,700000000,USD
1342,1342,f:6337,"Rock Hill Capital II, LP",01/08/2013,87700000,USD
1343,1343,f:3724,CincyTech Fund III,01/08/2013,10900000,USD
1344,1344,f:12610,Caerus Investment Partners Fund I (CIPI),31/08/2013,20000000,USD
1345,1345,f:5957,Fund III,06/09/2012,150000000,USD
1346,1346,f:10808,Fund I,07/02/2012,7000000,USD
1347,1347,f:10808,Fund II,01/08/2013,39150000,USD
1348,1348,f:12877,RCP Secondary Opportunity Fund II,01/08/2013,425000000,USD
1349,1349,f:8288,Buyout fund III,,900000000,EUR
1350,1350,f:12893,iNeworks 360,,0,USD
1351,1351,f:12893,iNetworks 720,,0,USD
1352,1352,f:12893,iNetworks 1080,,0,USD
1353,1353,f:6153,FCA Venture Partners V,02/08/2013,53000000,USD
1354,1354,f:745,Foundry Venture Capital Fund IV,25/10/2013,225000000,USD
1355,1355,f:10516,Innovation Nest,,10000000,EUR
1357,1357,f:12949,Fund VI,06/08/2013,2200000000,USD
1358,1358,f:12950,Crescent Mezzanine Partners VI,06/08/2013,3400000000,USD
1359,1359,f:12957,SBIC Fund LP,06/08/2013,230000000,USD
1360,1360,f:5599,Cultivian Sandbox Food and Agriculture Fund II,06/08/2013,150000000,USD
1361,1361,f:539,Band of Angels Fund I,01/01/1999,50000000,USD
1362,1362,f:539,Acorn Fund,01/01/2009,5000000,USD
1363,1363,f:12666,Fund I,07/08/2013,181000000,USD
1364,1364,f:3040,Resource Partners LP,07/08/2013,1500000000,USD
1365,1365,f:12976,clean energy infrastructure fund,08/08/2013,200000000,EUR
1366,1366,f:10715,Fund II,08/08/2013,107000000,USD
1367,1367,f:13000,Onex Partners III,08/08/2013,4700000000,USD
1368,1368,f:13000,Onex Partners IV,08/08/2013,1200000000,USD
1369,1369,f:3652,Fund VI,08/08/2013,160000000,USD
1370,1370,f:11307,Blue Startup Fund,01/01/2013,1030000,USD
1371,1371,f:13020,Fund I,12/08/2013,200000000,EUR
1372,1372,f:12990,DLM Brazil IT Fund,01/11/2012,100000000,USD
1373,1373,f:13030,FSN Capital IV L.P.,20/11/2013,600000000,EUR
1374,1374,f:13031,fund I,12/08/2013,1250000,USD
1375,1375,f:13041,Fund II,13/08/2013,0,USD
1376,1376,f:13048,Fund V,13/08/2013,575000000,USD
1377,1377,f:13058,Fund III,14/08/2013,301000000,USD
1378,1378,f:3576,Oxford Capital Infrastructure EIS,01/01/2012,22804000,GBP
1379,1379,f:3576,Oxford Gateway IHT Portfolio,01/01/2009,1206000,GBP
1380,1380,f:3576,Oxford Gateway Portfolio,01/01/2010,12748000,GBP
1381,1381,f:3576,Oxford Gateway Fund 2,01/01/2004,11234000,GBP
1382,1382,f:3576,Oxford Gateway Fund 3,01/01/2006,11636000,GBP
1383,1383,f:3576,Oxford Gateway Fund 4,01/01/2007,12339000,GBP
1384,1384,f:3576,Oxford Gateway Fund 5,01/01/2008,7028000,GBP
1385,1385,f:3576,Oxford Capital Solar EIS,01/01/2011,8990000,GBP
1386,1386,f:3576,Oxford Capital Solar EIS II,01/01/2012,9821000,GBP
1387,1387,f:563,pan-Asian fund IV,13/08/2013,1500000000,USD
1389,1389,f:79,life sciences fund,16/08/2013,192000000,EUR
1390,1390,f:10625,Heliant Ventures II Ltd,01/08/2012,0,USD
1391,1391,f:7784,Fund II,19/08/2013,116000000,USD
1392,1392,f:2250,Asia Life Science Fund,18/08/2013,0,USD
1393,1393,f:10236,Formula VC,01/10/2012,75000000,USD
1394,1394,f:13142,UIIP Fund II,20/08/2013,100000000,EUR
1395,1395,f:1619,Fund III,20/08/2013,20000000,USD
1396,1396,f:2535,"Silver Lake Kraftwerk Fund, L.P.",20/08/2013,653500000,USD
1397,1397,f:9867,Venture Capital Fund,,100000000,USD
1398,1398,f:5128,Brookfield Timberlands Fund V L.P.,21/08/2013,1000000000,USD
1399,1399,f:13155,"Seattle Angel Conference I, LLC",08/03/2012,100000,USD
1400,1400,f:13155,"Seattle Angel Conference II, LLC",13/12/2012,150000,USD
1401,1401,f:13155,"Seattle Angel Conference III, LLC",16/05/2013,165000,USD
1402,1402,f:12414,first independent fund,21/08/2013,190000000,EUR
1403,1403,f:173,Shasta Ventures II,21/10/2007,250000000,USD
1404,1404,f:173,Shasta Ventures,21/09/2004,210000000,USD
1405,1405,f:10146,EVF I,03/03/2010,70000000,USD
1406,1406,f:13194,Synova II,22/08/2013,110000000,GBP
1407,1407,f:3768,Private,,0,USD
1408,1408,f:122,Alsop Louie Partner Funnd III,22/08/2013,100000000,USD
1409,1409,f:10154,Propeller,11/01/2011,1000000,EUR
1410,1410,f:13212,Asia Capital Fund I,23/08/2013,263000000,USD
1411,1411,f:13213,Small-Cap Fund,22/08/2013,63200000,USD
1412,1412,f:5471,"Ericsson, Merrill Lynch &  AB Industrivarden",01/01/2000,300000000,USD
1413,1413,f:1190,"Harbert Power Fund V, LLC",23/08/2013,200000000,USD
1414,1414,f:13271,AMP Capital Infrastructure Debt Fund II,26/08/2013,300000000,USD
1415,1415,f:6885,GenNx360 Capital Partners II LP,26/08/2013,346900000,USD
1416,1416,f:2429,Fund-II,04/09/2013,155000000,USD
1417,1417,f:3123,Inventure Fund Ky,01/01/2008,0,USD
1418,1418,f:13132,Cultivation Capital,01/08/2013,0,USD
1419,1419,f:12203,Aslanoba Capital,,30000000,USD
1420,1420,f:13358,Armstrong South East Asia Clean Energy Fund,02/09/2013,130000000,USD
1421,1421,f:4777,Venture Capital Trusts,02/09/2013,20000000,GBP
1422,1422,f:2345,Pharos Capital Partners III LP,03/09/2013,400000000,USD
1423,1423,f:4116,GSO Capital Solutions Fund II LP,03/09/2013,5000000000,USD
1424,1424,f:3881,TechOperators II,29/03/2013,100000000,USD
1425,1425,f:12362,SF Angel Fund 1,,0,USD
1426,1426,f:9506,Investment Fund,02/09/2013,6000000,USD
1427,1427,f:9169,Angel CoFund,01/07/2013,100000000,GBP
1428,1428,f:13402,Mining Fund,04/09/2013,85000000,USD
1429,1429,f:9885,GGM High Growth IT Fund,01/11/2012,30000000,EUR
1430,1430,f:4153,WestView Capital Partners III LP,04/09/2013,430000000,USD
1431,1431,f:3394,Foresight Solar Fund,05/09/2013,200000000,GBP
1432,1432,f:13425,Energy Trust Partners Fund IV,05/09/2013,600000000,USD
1433,1433,f:29,Dorm Room Fund,05/09/2013,2000000,USD
1434,1434,f:13434,Hamilton Lane Secondary Fund III LP,05/09/2013,900000000,USD
1435,1435,f:2468,Sanderling Ventures VII Fund,05/09/2013,30000000,USD
1436,1436,f:8852,BSP Fund,05/09/2013,20000000,USD
1437,1437,f:12706,Quadria Capital Fund II,06/09/2013,107000000,USD
1438,1438,f:13443,Karmijn Kapitaal I,05/09/2013,50000000,EUR
1439,1439,f:11990,Natural resources-focused fund,05/09/2013,507000000,USD
1440,1440,f:518,Fund II,08/03/2007,400000000,USD
1441,1441,f:13458,Buenaventura Fund LP,06/09/2013,3000000,USD
1442,1442,f:13468,Drug Royalty III private equity fund,09/09/2013,1450000000,USD
1443,1443,f:10889,Deric R. Mccloud,09/09/2013,89000000000,USD
1444,1444,f:13484,Lombard Asia IV L.P,10/09/2013,350000000,USD
1445,1445,f:7915,Apollo European Principal Finance Fund II,09/09/2013,60000000,EUR
1446,1446,f:1,Greylock Fund XII,14/11/2005,500000000,USD
1447,1447,f:7436,Fund II,10/06/2011,150000000,USD
1448,1448,f:13497,Fund I,09/09/2013,720000000,USD
1449,1449,f:2386,Kreos Capital IV LP,10/09/2013,240000000,EUR
1450,1450,f:12809,Napier Park Railcar Lease Fund,11/09/2013,370000000,USD
1451,1451,f:1928,FUND III,11/09/2013,31500000,USD
1452,1452,f:1165,TCEE Fund III,12/09/2013,103000000,EUR
1453,1453,f:1165,TCEE Fund II,01/01/2007,40000000,EUR
1454,1454,f:13540,Fund I,12/09/2013,175000000,USD
1455,1455,f:1165,TCEE Fund I,01/01/1999,66000000,EUR
1456,1456,f:2178,FUND II,12/09/2013,37000000,USD
1457,1457,f:13552,Debut buyout fund,12/09/2013,400000000,USD
1458,1458,f:792,Carlyle Partners VI,25/11/2013,13000000000,USD
1459,1459,f:13263,"Corsa Fund 2012, LP",,0,USD
1460,1460,f:13478,Series A,04/04/2011,2400000,USD
1461,1461,f:3317,Serena II,16/09/2013,100000000,EUR
1462,1462,f:1834,Fund VII,16/09/2013,47000000,USD
1463,1463,f:13628,IPCP Florida Realty Value Fund I,16/09/2013,22000000,USD
1464,1464,f:3691,Health-Care Fund,16/09/2013,80000000,USD
1465,1465,f:2623,India Infrastructure Fund II,17/09/2013,644000000,USD
1467,1467,f:12535,Woodward Corridor Investment Fund,17/09/2013,30250000,USD
1468,1468,f:13660,Bison Capital Partners IV,18/09/2013,218000000,USD
1469,1469,f:3885,Catterton Growth Partners II,18/09/2013,400000000,USD
1470,1470,f:13667,Fund I,18/09/2013,50000000,USD
1471,1471,f:13676,Accolade Partners IV,19/09/2013,150000000,USD
1472,1472,f:12709,"Tricon XI, L.P",19/09/2013,0,USD
1473,1473,f:7515,Newion Investments II,01/01/2010,50000000,EUR
1475,1475,f:7515,Newion Investments I,01/01/2001,28000000,EUR
1476,1476,f:7515,Private Plus Fund,01/01/2005,20000000,EUR
1477,1477,f:13726,Imperial Capital Acquisition Fund V,23/09/2013,250000000,USD
1478,1478,f:11437,Peak Rock Capital Fund LP,24/09/2013,700000000,USD
1479,1479,f:5775,Foundation Fund II,24/09/2013,1000000000,USD
1480,1480,f:1964,CTV Fund V,24/09/2013,90000000,USD
1481,1481,f:13747,"Mill Road Capital II, L.P",04/12/2013,420000000,USD
1482,1482,f:13750,Fund I,25/09/2013,475000000,GBP
1483,1483,f:13751,"Ironbridge Equity Partners II, LP",24/09/2013,50000000,CAD
1484,1484,f:6433,Seventh FundBrynwood Partners VII LP,25/09/2013,400000000,USD
1486,1486,f:13745,CNTP Fund I,,250000000,USD
1488,1488,f:13729,Stonehenge Growth Equity Fund I,25/09/2013,40000000,USD
1489,1489,f:5811,ENIAC II: Mobile Focused Fund,26/09/2013,12900000,USD
1490,1490,f:3738,Birchmere Ventures High Yield Fund,26/09/2013,3000000,USD
1491,1491,f:10740,Frontline Ventures Fund I,27/09/2013,20000000,EUR
1492,1492,f:13818,Fund II,27/09/2013,40000000,USD
1493,1493,f:13709,Hyper Ventures Fund I,,1000000,USD
1495,1495,f:7381,Palamon European Equity II,29/09/2013,210000000,EUR
1496,1496,f:979,"PEER Ventures Group IV, L.P.",30/05/2013,36647200,USD
1497,1497,f:3021,SALIMM.NYULA,05/04/2013,118,GBP
1498,1498,f:1747,Frazier Healthcare VI,29/11/2007,600000000,USD
1499,1499,f:13895,Adveq Secondaries II fund,01/10/2013,175000000,USD
1500,1500,f:155,SAP Ventures Fund I,02/10/2013,353000000,USD
1501,1501,f:155,SAP Ventures Fund II,02/10/2013,650000000,USD
1502,1502,f:13906,"Leeds Novamark Capital I, L.P.",02/10/2013,130000000,USD
1503,1503,f:13908,Fund I,01/10/2013,1000000000,USD
1504,1504,f:642,LBO Fund IV,01/01/2008,1600000000,EUR
1505,1505,f:642,LBO Fund V,03/10/2013,2410000000,EUR
1506,1506,f:13927,Agribusiness & Food Fund,03/10/2013,173400000,USD
1507,1507,f:13956,"Origin Capital Fund II, LLC",04/10/2013,100000000,USD
1508,1508,f:2174,Ohio TechAngel Fund IV,19/09/2013,1710000,USD
1510,1510,f:13995,Catalyst Fund Limited Partnership IV,07/10/2013,812000000,USD
1512,1512,f:8881,BVIP Fund VIII LP,07/10/2013,208900000,USD
1513,1513,f:10627,Episode 1 Fund I,08/10/2013,37500000,GBP
1514,1514,f:14017,32 Degrees Diversified Energy Fund II,07/10/2013,84600000,USD
1515,1515,f:6855,Pamlico Capital III,08/10/2013,650000000,USD
1516,1516,f:5832,"Lime Rock Resources III, L.P.",08/10/2013,750000000,USD
1517,1517,f:95,seed fund,09/10/2013,30000000,EUR
1518,1518,f:1973,Abingworth Bioventures VI,10/10/2013,205000000,USD
1519,1519,f:14071,Brockhaus Private Equity III,10/10/2013,170000000,EUR
1520,1520,f:792,European CLO fund II,06/10/2013,335000000,EUR
1521,1521,f:14077,Crow Holdings Realty Partners Fund Vi,10/10/2013,1067000000,USD
1522,1522,f:14081,Catalyst Fund Limited Partnership IV,07/10/2013,812000000,USD
1523,1523,f:3057,Fund II,11/10/2013,60000000,GBP
1524,1524,f:5343,EU Structural Fund,08/10/2013,20000000,SEK
1525,1525,f:14092,Quantum Valley Fund,19/03/2013,100000000,USD
1526,1526,f:10135,LionBird Fund,13/10/2013,20000000,USD
1527,1527,f:12715,inaugural fund,,0,USD
1528,1528,f:12715,Inaugural fund,11/10/2013,540000000,USD
1529,1529,f:13232,Pomona Capital VIII,14/10/2013,1140000000,USD
1530,1530,f:14122,mid-market fund III,14/10/2013,240000000,EUR
1531,1531,f:14127,Fund I,14/10/2013,150000000,EUR
1532,1532,f:13290,IIFUND A,01/10/2013,2160000,USD
1533,1533,f:7625,Fund III,14/10/2013,20000000,USD
1534,1534,f:6574,Redalpine Capital I,31/08/2007,0,USD
1535,1535,f:6574,Redalpine Capital II,30/06/2012,0,USD
1536,1536,f:131,CommonAngels Ventures Fund IV,15/10/2013,11200000,USD
1537,1537,f:5928,"500 Startups III, L.P.",15/10/2013,0,USD
1538,1538,f:3551,Javelin Venture Partners Fund III,16/10/2013,125000000,USD
1539,1539,f:8322,Mars Fund,01/01/2008,45000000,USD
1540,1540,f:6330,ASF V,17/10/2013,750000000,USD
1541,1541,f:14186,Debut Private Equity Fund,17/10/2013,200000000,USD
1542,1542,f:2140,"5AM Ventures IV, L.P.",03/12/2013,250000000,USD
1543,1543,f:14177,Vermont Seed Capital Fund,10/05/2010,5000000,USD
1544,1544,f:8545,Gryphon Partners 3.5,18/10/2013,365000000,USD
1545,1545,f:8545,Gryphon Partners 3,01/01/2006,4150000000,USD
1546,1546,f:446,Clover Fund LP,21/10/2013,7000000,USD
1547,1547,f:2253,Versant Venture Capital V,21/10/2013,250000000,USD
1548,1548,f:14214,Fund I,01/01/2012,0,USD
1549,1549,f:8506,Fund II,22/10/2013,550000000,USD
1550,1550,f:14230,Adelis Equity Partners Fund I,13/11/2013,420000000,EUR
1553,1553,f:1469,Growth Equity Fund II,23/10/2013,580000000,USD
1554,1554,f:2853,PTV Special Opportunities I,23/10/2013,24700000,USD
1555,1555,f:1658,The Bank of Ireland Kernel Capital Growth Fund (NI),24/10/2013,25000000,GBP
1556,1556,f:14313,SparkLabs Global Seed-Stage Fund,24/10/2013,30000000,USD
1557,1557,f:177,Idinvest Digital Fund II,25/10/2013,60000000,EUR
1558,1558,f:3169,Crescent III,25/10/2013,0,USD
1559,1559,f:2970,Inveready Fund II,25/10/2013,15000000,EUR
1561,1561,f:14373,Resolute Fund III,25/10/2013,1100000000,USD
1562,1562,f:105,Benchmark Capital III,01/12/2006,550000000,USD
1563,1563,f:105,Benchmark Europe II,01/07/2004,375000000,USD
1564,1564,f:105,Benchmark Europe I,01/05/2000,500000000,USD
1565,1565,f:14381,Samara Capital Fund II,28/10/2013,150000000,USD
1566,1566,f:14382,Fund I,28/10/2013,650000000,USD
1567,1567,f:9524,IK VII Fund,28/10/2013,1400000000,EUR
1568,1568,f:4100,EQT Credit II,29/10/2013,845000000,EUR
1569,1569,f:14386,Real Estate Fund,29/10/2013,716000000,USD
1570,1570,f:14387,Vopne Capital Fund I,29/10/2013,20000000,USD
1571,1571,f:14411,Fund IV,30/10/2013,1025000000,USD
1572,1572,f:5128,Brookfield Infrastructure Fund II,30/10/2013,7000000000,USD
1576,1576,f:10234,Georgetown Alumni Angels FUND I Backplane,01/10/2013,150000,USD
1577,1577,f:13274,Gobi ASEAN Fund,01/01/2010,0,USD
1578,1578,f:13274,Gobi Fund I,01/01/2005,51750000,USD
1579,1579,f:13274,Gobi Fund II,01/01/2008,151000000,USD
1580,1580,f:13274,Gobi HiTech Fund,01/01/2007,0,USD
1581,1581,f:13274,Gobi Yingzhi Fund,01/01/2012,0,USD
1582,1582,f:13725,NovaQuest Pharma Opportunities Fund III,31/10/2013,459000000,USD
1583,1583,f:12639,FLAG Private Equity V LP,30/10/2013,217300000,USD
1584,1584,f:4220,Maranon Senior Credit Fund II,31/10/2013,330000000,USD
1585,1585,f:9713,Kaiwu debut fund,,100000000,USD
1586,1586,f:903,DFJ Mercury Fund III,31/10/2013,125000000,USD
1587,1587,f:2250,"OrbiMed Private Investments V, LP",01/11/2013,735000000,USD
1588,1588,f:813,AMERIGO INNVIERTE SPAIN VENTURES,14/12/2011,54000000,EUR
1589,1589,f:14487,Sydney Seed Fund,01/11/2013,1900000,AUD
1590,1590,f:7464,Venture Capital Fund IV,04/11/2013,192000000,EUR
1591,1591,f:14496,Seed Funding,04/11/2013,750000,EUR
1592,1592,f:6566,Fund II,05/11/2013,35000000,USD
1593,1593,f:12720,Fund II,06/11/2013,11400000,USD
1594,1594,f:13408,Icon Venture Partners I,06/11/2013,100000000,USD
1595,1595,f:244,MentorTech Ventures III,06/11/2013,24235000,USD
1596,1596,f:5095,Secondaries Fund,06/11/2013,206000000,USD
1597,1597,f:6877,Fund III,07/11/2013,50000000,USD
1598,1598,f:1368,Silverton Partners IV,07/11/2013,75000000,USD
1599,1599,f:30,Mangrove III,01/10/2008,180000000,USD
1600,1600,f:7915,Fund VIII,07/11/2013,12000000000,USD
1601,1601,f:14497,CapHorn FCPR,30/06/2012,50000000,EUR
1602,1602,f:13898,debut fund,08/11/2013,540000000,USD
1603,1603,f:14564,Targeted Technology Fund II,08/11/2013,20000000,USD
1604,1604,f:5865,Fund I,11/11/2013,50000000,EUR
1605,1605,f:6719,Pure Michigan Venture Development Fund,10/11/2013,2250000,USD
1606,1606,f:14587,Maiden Investment Fund,11/11/2013,8000000,USD
1607,1607,f:8127,Espresso Capital Fund III,01/11/2013,30000000,CAD
1608,1608,f:8375,NB Secondary Opportunities Fund III LP,11/11/2013,2000000000,USD
1609,1609,f:7393,Lumira Capital II,12/11/2013,10000000,CAD
1610,1610,f:14605,Merced Partners IV,12/11/2013,800000000,USD
1611,1611,f:390,FirstMark III,12/11/2013,225000000,USD
1612,1612,f:13973,Spring Lake Fund I,12/11/2013,122000000,USD
1613,1613,f:6242,Panther II,12/11/2013,205000000,USD
1614,1614,f:9953,Badia Impact Fund,,0,USD
1615,1615,f:9953,Badia Outreach Fund,,0,USD
1616,1616,f:9953,Launchpad,,0,USD
1617,1617,f:1811,Inventus Capital Partners Fund II,13/11/2013,100000000,USD
1618,1618,f:10566,Vine Street Ventures Fund I,01/09/2012,0,USD
1619,1619,f:14643,Asia Japan-Focused Real Estate Fund,14/11/2013,1500000000,USD
1620,1620,f:2581,Synthetic Biology Fund,15/11/2013,10000000,GBP
1621,1621,f:12305,Wing Strategic Partners,17/11/2013,12900000,USD
1622,1622,f:7430,Romulus Capital II,15/11/2013,42235000,USD
1623,1623,f:510,Own Venture Fund,18/11/2013,40000000,USD
1626,1626,f:14694,Zetta Venture Partners I,18/11/2013,0,USD
1627,1627,f:14697,Consilium Private Equity Fund III,19/11/2013,80000000,EUR
1628,1628,f:8419,Oakley Capital Private Equity II,19/11/2013,300000000,EUR
1629,1629,f:7833,second growth fund,19/11/2013,255000000,USD
1630,1630,f:2129,Auriga IV Bioseeds fund,19/11/2013,40000000,EUR
1631,1631,f:26,DFJ Fund IX,01/01/2007,690000000,USD
1632,1632,f:26,DFJ Fund VIII,01/01/2004,440000000,USD
1633,1633,f:26,Fund VII,01/01/2000,660000000,USD
1634,1634,f:26,Fund VI,01/01/1999,400000000,USD
1635,1635,f:26,Fund V,01/01/1998,196000000,USD
1636,1636,f:26,Fund IV,01/01/1997,97000000,USD
1637,1637,f:1456,DFJ ePlanet,01/01/1999,650000000,USD
1638,1638,f:13030,Fund III,01/01/2008,375000000,EUR
1639,1639,f:5733,Micro VC Fund,20/11/2013,20000000,USD
1640,1640,f:14727,Mines And Minerals Private Equity Fund,20/11/2013,200000000,USD
1641,1641,f:13155,"Seattle Angel Conference IV, LLC",20/11/2013,205000,USD
1642,1642,f:5497,Espírito Santo Ventures II,01/09/2006,88000000,EUR
1643,1643,f:5497,Espírito Santo Ventures III,01/04/2009,77000000,EUR
1644,1644,f:5497,ISTART I,01/03/2012,3000000,EUR
1645,1645,f:5497,Inovação e Internacionalização,01/03/2012,10000000,EUR
1646,1646,f:7137,Fund I,11/03/2011,20000000,USD
1647,1647,f:14759,Nexxus Capital VI,21/11/2013,550000000,USD
1648,1648,f:7364,Atlas Capital Resources II LP,22/11/2013,900000000,USD
1649,1649,f:45,USV 2014 LP,21/11/2013,150000000,USD
1650,1650,f:45,USV Opportunity 2014 LP,21/11/2013,150000000,USD
1651,1651,f:5233,ff Rose Venture Capital Fund,25/11/2013,31335000,USD
1652,1652,f:3259,Gilde Healthcare III Fund,26/11/2013,145000000,EUR
1653,1653,f:2186,Capital Factory IV,26/11/2013,550000,USD
1654,1654,f:1399,Fund I,27/11/2013,145000000,USD
1655,1655,f:2418,FTV IV LP,27/11/2013,365000000,USD
1656,1656,f:5544,GTCR FUND XI/B LP,27/11/2013,2672560000,USD
1657,1657,f:118,Artis Ventures II,27/11/2013,0,USD
1658,1658,f:6338,Omnivore Capital 1,01/01/2010,40,USD
1659,1659,f:6338,Omnivore Capital 1,01/01/2010,40000000,USD
1660,1660,f:14876,August Equity Fund III,28/11/2013,200000000,GBP
1661,1661,f:12254,Capvis Equity III Fund,05/03/2008,600000000,EUR
1662,1662,f:9768,Fund I,13/01/2011,350000,USD
1663,1663,f:14506,The Vantage GreenX Fund,02/12/2013,215000000,USD
1664,1664,f:13619,Blackbird,13/03/2013,20000000,AUD
1665,1665,f:14931,First Polish Fund,02/12/2013,60000000,EUR
1666,1666,f:562,Sierra Ventures X,01/01/2011,200000000,USD
1667,1667,f:562,Sierra Ventures IX,01/01/2006,400000000,USD
1668,1668,f:562,Sierra Ventures XIII,01/01/2000,500000000,USD
1669,1669,f:14935,"WindSail Credit Fund, L.P.",02/12/2013,20415000,USD
1670,1670,f:14936,Energy Fund XVI,02/12/2013,6000000000,USD
1671,1671,f:10480,Aristos Venture Fund I,18/03/2013,10000000,USD
1672,1672,f:1170,Industry Ventures Secondary VII,04/12/2013,425000000,USD
1673,1673,f:8590,Hoxton Ventures Fund I,04/12/2013,40000000,USD
1675,1675,f:1170,Special Opportunities Fund,04/12/2013,200000000,USD
1676,1676,f:9084,Vitruvian Investment Partnership II,05/12/2013,1600000000,USD
1677,1677,f:696,Northzone VII,05/12/2013,150000000,EUR
1678,1678,f:14033,Fund I,01/01/2011,0,USD
1679,1679,f:14033,Fund II,01/01/2014,0,USD
1680,1680,f:14995,Tank Stream Ventures Fund I,01/10/2013,20000000,USD
1681,1681,f:48,Benchmark Capital Partners VIII LP,06/12/2013,425000000,USD
1682,1682,f:7234,"137 Ventures II, LP",06/09/2013,0,USD
1683,1683,f:7234,"137 Ventures I, LP",06/06/2011,0,USD
1684,1684,f:12976,Fund II,09/12/2013,50000000,EUR
1685,1685,f:14245,High Road Capital Partners Fund II,09/12/2013,320000000,USD
1686,1686,f:12856,Partners Capital Condor Fund VII,09/12/2013,300000,USD
1687,1687,f:6384,Novacap TMT IV LP,09/12/2013,250000000,USD
1688,1688,f:11196,Hagan Mercury Fund,,0,USD
1690,1690,f:2711,Actis Energy 3,09/12/2013,1150000000,USD
1691,1691,f:15046,CCP Fund I LLC,09/12/2013,40000000,USD
1692,1692,f:15050,SJC II,10/12/2013,1500000000,USD
1693,1693,f:15051,IVUK Fund I,10/12/2013,20800000,GBP
1694,1694,f:9985,Bee Partners I,21/10/2011,0,USD
1695,1695,f:7025,H.I.G. Middle Market LBO Fund II LP,10/12/2013,1600000000,USD
1696,1696,f:15068,Fund II,11/12/2013,350000000,USD
1697,1697,f:101,Fund V,11/12/2013,150000000,USD
1698,1698,f:7331,JANVEST Technologies LP I,19/03/2013,5,USD
1699,1699,f:7791,Fund II,11/12/2013,5000000,USD
1700,1700,f:15091,Fund I,11/12/2013,1100000,USD
1701,1701,f:5920,Rochester Angel Fund,12/12/2013,2300000,USD
